ticker,company,indus
20MICRONS.NS,Microns Limited,Basic Materials
AARTIIND.NS,Aarti Industries Limited,Basic Materials
ABMINTLTD.NS,ABM International Limited,Basic Materials
ACC.NS,ACC Limited,Basic Materials
ADHUNIKIND.NS,Adhunik Industries Limited,Basic Materials
ADVENZYMES.NS,Advanced Enzyme Technologies Limited,Basic Materials
AGARIND.NS,Agarwal Industrial Corporation Limited,Basic Materials
AKSHARCHEM.NS,AksharChem,Basic Materials
AKZOINDIA.NS,Akzo Nobel India Limited,Basic Materials
ALKALI.NS,Alkali Metals Limited,Basic Materials
AMBUJACEM.NS,Ambuja Cements Limited,Basic Materials
ANDHRACEMT.NS,Andhra Cements Limited,Basic Materials
ANDHRAPAP.NS,Andhra Paper Limited,Basic Materials
ANDHRSUGAR.NS,The Andhra Sugars Limited,Basic Materials
ANKITMETAL.NS,Ankit Metal & Power Limited,Basic Materials
APCL.NS,Anjani Portland Cement Limited,Basic Materials
APCOTEXIND.NS,Apcotex Industries Limited,Basic Materials
APLAPOLLO.NS,APL Apollo Tubes Limited,Basic Materials
ARCHIDPLY.NS,Archidply Industries Limited,Basic Materials
ARENTERP.NS,Rajdarshan Industries Limited,Basic Materials
ASAHISONG.NS,Asahi Songwon Colors Limited,Basic Materials
ASHAPURMIN.NS,Ashapura Minechem Limited,Basic Materials
ASTEC.NS,Astec LifeSciences Limited,Basic Materials
ASTRON.NS,Astron Paper & Board Mill Limited,Basic Materials
ATUL.NS,Atul Ltd,Basic Materials
AVTNPL.NS,AVT Natural Products Limited,Basic Materials
BALAMINES.NS,Balaji Amines Limited,Basic Materials
BALLARPUR.NS,Ballarpur Industries Limited,Basic Materials
BASF.NS,BASF India Limited,Basic Materials
BAYERCROP.NS,Bayer CropScience Limited,Basic Materials
BEDMUTHA.NS,Bedmutha Industries Limited,Basic Materials
BEPL.NS,Bhansali Engineering Polymers Limited,Basic Materials
BERGEPAINT.NS,Berger Paints India Limited,Basic Materials
BHAGYANGR.NS,Bhagyanagar India Limited,Basic Materials
BHARATWIRE.NS,Bharat Wire Ropes Limited,Basic Materials
BIRLACORPN.NS,Birla Corporation Limited,Basic Materials
BODALCHEM.NS,Bodal Chemicals Limited,Basic Materials
BSHSL.NS,Bombay Super Hybrid Seeds Limited,Basic Materials
BURNPUR.NS,Burnpur Cement Limited,Basic Materials
BVCL.NS,Barak Valley Cements Limited,Basic Materials
CAMLINFINE.NS,Camlin Fine Sciences Limited,Basic Materials
CASTROLIND.NS,Castrol India Limited,Basic Materials
CENTURYTEX.NS,Century Textiles and Industries Limited,Basic Materials
CHAMBLFERT.NS,Chambal Fertilisers and Chemicals Limited,Basic Materials
CHEMBOND.NS,Chembond Chemicals Limited,Basic Materials
CHEMCON.NS,Chemcon Speciality Chemicals Limited,Basic Materials
CHROMATIC.NS,Chromatic India Limited,Basic Materials
CLNINDIA.NS,Clariant Chemicals (India,Basic Materials
COROMANDEL.NS,Coromandel International Limited,Basic Materials
CUBEXTUB.NS,Cubex Tubings Limited,Basic Materials
DCW.NS,DCW Limited,Basic Materials
DECCANCE.NS,Deccan Cements Limited,Basic Materials
DEEPAKFERT.NS,Deepak Fertilisers And Petrochemicals Corporation Limited,Basic Materials
DEEPAKNTR.NS,Deepak Nitrite Limited,Basic Materials
DHANUKA.NS,Dhanuka Agritech Limited,Basic Materials
DICIND.NS,DIC India Limited,Basic Materials
DYNPRO.NS,Dynemic Products Limited,Basic Materials
ELECTCAST.NS,Castings Limited,Basic Materials
ESTER.NS,Ester Industries Limited,Basic Materials
EXCELINDUS.NS,Excel Industries Limited,Basic Materials
FACT.NS,The Fertilisers And Chemicals Travancore Limited,Basic Materials
FAIRCHEMOR.NS,Fairchem Organics Limited,Basic Materials
FCL.NS,Fineotex Chemical Limited,Basic Materials
FLUOROCHEM.NS,Gujarat Fluorochemicals Limited,Basic Materials
FOSECOIND.NS,Foseco India Limited,Basic Materials
GAL.NS,Gyscoal Alloys Limited,Basic Materials
GALAXYSURF.NS,Galaxy Surfactants Limited,Basic Materials
GALLANTT.NS,Gallantt Metal Limited,Basic Materials
GENUSPAPER.NS,Genus Paper & Boards Limited,Basic Materials
GFSTEELS.NS,Grand Foundry Limited,Basic Materials
GHCL.NS,GHCL Limited,Basic Materials
GNFC.NS,Gujarat Narmada Valley Fertilizers & Chemicals Limited,Basic Materials
GOACARBON.NS,Goa Carbon Limited,Basic Materials
GOCLCORP.NS,GOCL Corporation Limited,Basic Materials
GPIL.NS,Godawari Power & Ispat Limited,Basic Materials
GRASIM.NS,Grasim Industries Limited,Basic Materials
GREENPLY.NS,Greenply Industries Limited,Basic Materials
GSCLCEMENT.NS,Gujarat Sidhee Cement Limited,Basic Materials
GSFC.NS,Gujarat State Fertilizers & Chemicals Limited,Basic Materials
GUJALKALI.NS,Gujarat Alkalies and Chemicals Limited,Basic Materials
GULFOILLUB.NS,Gulf Oil Lubricants India Limited,Basic Materials
GULPOLY.NS,Gulshan Polyols Limited,Basic Materials
HEIDELBERG.NS,HeidelbergCement India Limited,Basic Materials
HINDALCO.NS,Hindalco Industries Limited,Basic Materials
HINDCOPPER.NS,Hindustan Copper Limited,Basic Materials
HINDZINC.NS,Hindustan Zinc Limited,Basic Materials
HISARMETAL.NS,Hisar Metal Industries Limited,Basic Materials
HSCL.NS,Himadri Speciality Chemical Limited,Basic Materials
IFGLEXPOR.NS,IFGL Refractories Limited,Basic Materials
IGPL.NS,G Petrochemicals Limited,Basic Materials
IMFA.NS,Indian Metals and Ferro Alloys Limited,Basic Materials
INDIACEM.NS,The India Cements Limited,Basic Materials
INEOSSTYRO.NS,INEOS Styrolution India Limited,Basic Materials
INSECTICID.NS,Insecticides (India) Limited,Basic Materials
ISMTLTD.NS,ISMT Limited,Basic Materials
IVP.NS,IVP Limited,Basic Materials
JAIBALAJI.NS,Jai Balaji Industries Limited,Basic Materials
JAICORPLTD.NS,Jai Corp Limited,Basic Materials
JAYAGROGN.NS,Jayant Agro-Organics Limited,Basic Materials
JAYNECOIND.NS,Jayaswal Neco Industries Limited,Basic Materials
JINDALPOLY.NS,Jindal Poly Films Limited,Basic Materials
JINDALSTEL.NS,Jindal Steel & Power Limited,Basic Materials
JKLAKSHMI.NS,JK Lakshmi Cement Limited,Basic Materials
JKPAPER.NS,JK Paper Limited,Basic Materials
JOCIL.NS,Jocil Limited,Basic Materials
JSL.NS,Jindal Stainless Limited,Basic Materials
JSWISPL.NS,JSW Ispat Special Products Limited,Basic Materials
JSWSTEEL.NS,JSW Steel Limited,Basic Materials
JUBLINDS.NS,Jubilant Industries Limited,Basic Materials
KAKATCEM.NS,Kakatiya Cement Sugar and Industries Limited,Basic Materials
KAMDHENU.NS,Kamdhenu Limited,Basic Materials
KANORICHEM.NS,Kanoria Chemicals & Industries Limited,Basic Materials
KANSAINER.NS,Kansai Nerolac Paints Limited,Basic Materials
KCP.NS,KCP Limited,Basic Materials
KESORAMIND.NS,Kesoram Industries Limited,Basic Materials
KINGFA.NS,Kingfa Science & Technology,Basic Materials
KIOCL.NS,KIOCL Limited,Basic Materials
KIRIINDUS.NS,Kiri Industries Limited,Basic Materials
KOTHARIPET.NS,Kothari Petrochemicals Limited,Basic Materials
KRIDHANINF.NS,Kridhan Infra Limited,Basic Materials
KRISHANA.NS,Krishana Phoschem Limited,Basic Materials
KSL.NS,Kalyani Steels Limited,Basic Materials
KUANTUM.NS,Kuantum Papers Limited,Basic Materials
LINDEINDIA.NS,Linde India Limited,Basic Materials
MAANALU.NS,Maan Aluminium Limited,Basic Materials
MADRASFERT.NS,Madras Fertilizers Limited,Basic Materials
MAGNUM.NS,Magnum Ventures Limited,Basic Materials
MAHASTEEL.NS,Mahamaya Steel Industries Limited,Basic Materials
MAHSEAMLES.NS,Maharashtra Seamless Limited,Basic Materials
MAITHANALL.NS,Maithan Alloys Limited,Basic Materials
MALUPAPER.NS,Malu Paper Mills Limited,Basic Materials
MANAKALUCO.NS,Manaksia Aluminium Company Limited,Basic Materials
MANAKSTEEL.NS,Manaksia Steels Limited,Basic Materials
MANALIPETC.NS,Manali Petrochemicals Limited,Basic Materials
MANGCHEFER.NS,Mangalore Chemicals and Fertilizers Limited,Basic Materials
MANGLMCEM.NS,Mangalam Cement Limited,Basic Materials
MANGTIMBER.NS,Mangalam Timber Products Limited,Basic Materials
MANINDS.NS,Man Industries (India) Limited,Basic Materials
MBAPL.NS,Madhya Bharat Agro Products Limited,Basic Materials
MCL.NS,Madhav Copper Limited,Basic Materials
MEGH.NS,Meghmani Organics Limited,Basic Materials
MMP.NS,MMP Industries Limited,Basic Materials
MOIL.NS,MOIL Limited,Basic Materials
MSPL.NS,MSP Steel & Power Limited,Basic Materials
MUKANDLTD.NS,Mukand Limited,Basic Materials
NAGAFERT.NS,Nagarjuna Fertilizers and Chemicals Limited,Basic Materials
NATHBIOGEN.NS,Limited,Basic Materials
NATIONALUM.NS,National Aluminium Company Limited,Basic Materials
NATNLSTEEL.NS,National Steel and Agro Industries Limited,Basic Materials
NAVINFLUOR.NS,Navin Fluorine International Limited,Basic Materials
NCLIND.NS,NCL Industries Limited,Basic Materials
NEOGEN.NS,Neogen Chemicals Limited,Basic Materials
NFL.NS,National Fertilizers Limited,Basic Materials
NMDC.NS,NMDC Limited,Basic Materials
NOCIL.NS,NOCIL,Basic Materials
NRAIL.NS,N R Agarwal Industries Limited,Basic Materials
NTL.NS,Neueon Towers Limited,Basic Materials
OAL.NS,Oriental Aromatics Limited,Basic Materials
OCCL.NS,Oriental Carbon & Chemicals Limited,Basic Materials
ORIENTABRA.NS,Orient Abrasives Limited,Basic Materials
ORIENTCEM.NS,Orient Cement Limited,Basic Materials
ORIENTPPR.NS,Orient Paper & Industries Limited,Basic Materials
ORISSAMINE.NS,The Orissa Minerals Development Company Limited,Basic Materials
PDMJEPAPER.NS,Pudumjee Paper Products Limited,Basic Materials
PHILIPCARB.NS,Phillips Carbon Black Limited,Basic Materials
PIDILITIND.NS,Pidilite Industries Limited,Basic Materials
PIIND.NS,PI Industries Limited,Basic Materials
PLASTIBLEN.NS,Plastiblends India Limited,Basic Materials
PODDARMENT.NS,Poddar Pigments Limited,Basic Materials
POLYPLEX.NS,Polyplex Corporation Limited,Basic Materials
PRAKASH.NS,Prakash Industries Limited,Basic Materials
PREMIERPOL.NS,Premier Polyfilm Ltd,Basic Materials
PRINCEPIPE.NS,Prince Pipes and Fittings Limited,Basic Materials
PRIVISCL.NS,Privi Speciality Chemicals Limited,Basic Materials
PRSMJOHNSN.NS,"Prism Johnson Limited, an integrated building materials company, ",Basic Materials
PUNJABCHEM.NS,Punjab Chemicals and Crop Protection Limited,Basic Materials
RAIN.NS,Rain Industries Limited,Basic Materials
RALLIS.NS,Rallis India Limited,Basic Materials
RAMASTEEL.NS,Rama Steel Tubes Limited,Basic Materials
RAMCOCEM.NS,Ramco Cements Limited,Basic Materials
RAMSARUP.NS,Ramsarup Industries Limited,Basic Materials
RATNAMANI.NS,Ratnamani Metals & Tubes Limited,Basic Materials
RCF.NS,Rashtriya Chemicals and Fertilizers Limited,Basic Materials
RESPONIND.NS,Responsive Industries Limited,Basic Materials
ROHITFERRO.NS,Rohit Ferro-Tech Limited,Basic Materials
ROSSARI.NS,Rossari Biotech Limited,Basic Materials
SAGARDEEP.NS,Sagardeep Alloys Limited,Basic Materials
SAGCEM.NS,Sagar Cements Limited,Basic Materials
SAIL.NS,Steel Authority of India Limited,Basic Materials
SALASAR.NS,Salasar Techno Engineering Limited,Basic Materials
SANGHIIND.NS,Sanghi Industries Limited,Basic Materials
SANGINITA.NS,Sanginita Chemicals Limited,Basic Materials
SARDAEN.NS,Sarda Energy & Minerals Limited,Basic Materials
SATIA.NS,Satia Industries Limited,Basic Materials
SESHAPAPER.NS,Seshasayee Paper and Boards Limited,Basic Materials
SEYAIND.NS,Seya Industries Limited,Basic Materials
SHAHALLOYS.NS,Shah Alloys Limited,Basic Materials
SHALPAINTS.NS,Shalimar Paints Limited,Basic Materials
SHARDACROP.NS,Sharda Cropchem Limited,Basic Materials
SHREDIGCEM.NS,Shree Digvijay Cement Company Ltd,Basic Materials
SHREECEM.NS,Shree Cement Limited,Basic Materials
SHREEPUSHK.NS,Shree Pushkar Chemicals & Fertilisers Limited,Basic Materials
SHRENIK.NS,Shrenik Limited,Basic Materials
SHREYANIND.NS,Shreyans Industries Limited,Basic Materials
SHYAMCENT.NS,Shyam Century Ferrous Limited,Basic Materials
SICAGEN.NS,Sicagen India Limited,Basic Materials
SIGIND.NS,Signet Industries Limited,Basic Materials
SIRCA.NS,Sirca Paints India Limited,Basic Materials
SOLARINDS.NS,Solar Industries India Limited,Basic Materials
SOTL.NS,Savita Oil Technologies Limited,Basic Materials
SPIC.NS,Southern Petrochemical Industries Corporation Limited,Basic Materials
SRF.NS,SRF Limited,Basic Materials
STARCEMENT.NS,Star Cement Limited,Basic Materials
STARPAPER.NS,Star Paper Mills Limited,Basic Materials
STEELXIND.NS,Steel Exchange India Limited,Basic Materials
SUDARSCHEM.NS,Sudarshan Chemical Industries Limited,Basic Materials
SUJANAUNI.NS,Sujana Universal Industries Limited,Basic Materials
SUMICHEM.NS,Sumitomo Chemical India Limited,Basic Materials
SUNDARAM.NS,Sundaram Multi Pap Limited,Basic Materials
SUNFLAG.NS,Sunflag Iron and Steel Company Limited,Basic Materials
SUPPETRO.NS,Supreme Petrochem Limited,Basic Materials
SUPREMEENG.NS,Supreme Engineering Limited,Basic Materials
SURYAROSNI.NS,Surya Roshni Limited,Basic Materials
TAINWALCHM.NS,Tainwala Chemicals and Plastics (India,Basic Materials
TATACHEM.NS,Tata Chemicals Limited,Basic Materials
TATAMETALI.NS,Tata Metaliks Limited,Basic Materials
TATASTEEL.NS,Tata Steel Limited,Basic Materials
TATASTLBSL.NS,Tata Steel BSL Limited,Basic Materials
TATASTLLP.NS,Tata Steel Long Products Limited,Basic Materials
TIDEWATER.NS,Tide Water Oil Co,Basic Materials
TINPLATE.NS,The Tinplate Company of India Limited,Basic Materials
TIRUMALCHM.NS,Thirumalai Chemicals Limited,Basic Materials
TNPETRO.NS,Tamilnadu Petroproducts Limited,Basic Materials
TNPL.NS,Tamil Nadu Newsprint,Basic Materials
ULTRACEMCO.NS,UltraTech Cement Limited,Basic Materials
UNIENTER.NS,Uniphos Enterprises Limited,Basic Materials
UPL.NS,UPL Limited,Basic Materials
UTTAMSTL.NS,Uttam Galva Steels Limited,Basic Materials
VALIANTORG.NS,Valiant Organics Limited,Basic Materials
VASWANI.NS,Vaswani Industries Limited,Basic Materials
VEDL.NS,Vedanta Limited,Basic Materials
VIDHIING.NS,Vidhi Specialty Food Ingredients Limited,Basic Materials
VIKASECO.NS,Vikas EcoTech Limited,Basic Materials
VIKASMCORP.NS,Vikas Multicorp Limited,Basic Materials
VIKASPROP.NS,Vikas Proppant & Granite Limited,Basic Materials
VIKASWSP.NS,Vikas WSP Limited,Basic Materials
VINATIORGA.NS,Vinati Organics Limited,Basic Materials
VINYLINDIA.NS,Vinyl Chemicals (India,Basic Materials
VISASTEEL.NS,VISA Steel Limited,Basic Materials
VISHNU.NS,Vishnu Chemicals Limited,Basic Materials
VSSL.NS,Vardhman Special Steels Limited,Basic Materials
WELCORP.NS,Welspun Corp Limited,Basic Materials
WIPL.NS,The Western India Plywoods Limited,Basic Materials
XPROINDIA.NS,Xpro India Limited,Basic Materials
ZENITHSTL.NS,Zenith Steel Pipes & Industries Limited,Basic Materials
ZUARI.NS,Zuari Agro Chemicals Limited,Basic Materials
3IINFOTECH.NS,Infotech Limited,Technology
8KMILES.NS,SecureKloud Technologies Limited,Technology
ACCELYA.NS,Accelya Solutions India Limited,Technology
ADROITINFO.NS,Infotech Limited,Technology
ADSL.NS,Allied Digital Services Limited,Technology
AGCNET.NS,AGC Networks Limited,Technology
AIRAN.NS,"Airan Limited, together with its subsidiaries, ",Technology
AKSHOPTFBR.NS,Aksh Optifibre Limited,Technology
ALANKIT.NS,Alankit Limited,Technology
AMBER.NS,Amber Enterprises India Limited,Technology
ASTRAMICRO.NS,Astra Microwave Products Limited,Technology
AURIONPRO.NS,Aurionpro Solutions Limited,Technology
BARTRONICS.NS,Bartronics India Limited,Technology
BCG.NS,Brightcom Group Limited,Technology
BIRLACABLE.NS,Birla Cable Limited,Technology
BSOFT.NS,Birlasoft Limited,Technology
CALSOFT.NS,California Software Company Limited,Technology
CEREBRAINT.NS,Cerebra Integrated Technologies Limited,Technology
CESCVENT.NS,CESC Ventures Limited,Technology
CIGNITITEC.NS,Cigniti Technologies Limited,Technology
COFORGE.NS,COFORGE Limited,Technology
COMPINFO.NS,Compuage Infocom Limited,Technology
CREATIVE.NS,Creative Peripherals and Distribution Limited,Technology
CTE.NS,Cambridge Technology Enterprises Limited,Technology
CYBERTECH.NS,CyberTech Systems and Software Limited,Technology
DATAMATICS.NS,Datamatics Global Services Limited,Technology
DIGISPICE.NS,DiGiSPICE Technologies Limited,Technology
DIXON.NS,Dixon Technologies,Technology
DSSL.NS,Dynacons Systems & Solutions Limited,Technology
ECLERX.NS,eClerx Services Limited,Technology
EUROMULTI.NS,Euro Multivision Limited,Technology
EXPLEOSOL.NS,"Expleo Solutions Limited, together with its subsidiaries, primarily ",Technology
FCSSOFT.NS,FCS Software Solutions Limited,Technology
FSL.NS,Firstsource Solutions Limited,Technology
GENESYS.NS,Genesys International Corporation Limited,Technology
GOLDTECH.NS,Goldstone Technologies Limited,Technology
GSS.NS,GSS Infotech Limited,Technology
GTLINFRA.NS,GTL Infrastructure Limited,Technology
HAPPSTMNDS.NS,Happiest Minds Technologies Limited,Technology
HCL-INSYS.NS,HCL Infosystems Limited,Technology
HCLTECH.NS,HCL Technologies Limited,Technology
HFCL.NS,HFCL Limited,Technology
HOVS.NS,HOV Services Limited,Technology
IFBIND.NS,IFB Industries Limited,Technology
INDOSOLAR.NS,Indosolar Limited,Technology
INFIBEAM.NS,Infibeam Avenues Limited,Technology
INFOBEAN.NS,InfoBeans Technologies Limited,Technology
INFY.NS,Infosys Limited,Technology
INSPIRISYS.NS,Inspirisys Solutions Limited,Technology
INTELLECT.NS,Intellect Design Arena Limited,Technology
INTENTECH.NS,Intense Technologies Limited,Technology
ITI.NS,ITI Limited,Technology
IZMO.NS,IZMO Limited,Technology
JUMPNET.NS,Jump Networks Limited,Technology
KELLTONTEC.NS,Kellton Tech Solutions Limited,Technology
KERNEX.NS,Kernex Microsystems,Technology
KPITTECH.NS,KPIT Technologies Limited,Technology
LTI.NS,Larsen & Toubro Infotech Limited,Technology
LTTS.NS,L&T Technology Services Limited,Technology
MAJESCO.NS,Majesco Limited,Technology
MASTEK.NS,"Mastek Limited, together with its subsidiaries, ",Technology
MEGASOFT.NS,Megasoft Limited,Technology
MELSTAR.NS,Melstar Information Technologies Limited,Technology
MINDTECK.NS,Mindteck (India) Limited ,Technology
MINDTREE.NS,Mindtree Limited,Technology
MPHASIS.NS,Mphasis Limited,Technology
MRO-TEK.NS,MRO-TEK Realty Limited,Technology
NELCO.NS,Nelco Limited,Technology
NEWGEN.NS,Newgen Software Technologies Limited,Technology
NUCLEUS.NS,Nucleus Software Exports Limited,Technology
OFSS.NS,Oracle Financial Services Software Limited,Technology
ONWARDTEC.NS,Onward Technologies Limited,Technology
OPTIEMUS.NS,Optiemus Infracom Limited,Technology
PALREDTEC.NS,Palred Technologies Limited,Technology
PANACHE.NS,Panache Digilife Limited,Technology
PARACABLES.NS,Paramount Communications Limited,Technology
PERSISTENT.NS,Persistent Systems Limited,Technology
PGEL.NS,PG Electroplast Limited,Technology
POWERINDIA.NS,ABB Power Products and Systems India Limited,Technology
QUICKHEAL.NS,Quick Heal Technologies Limited ,Technology
RAMCOSYS.NS,Ramco Systems Limited,Technology
REDINGTON.NS,Redington,Technology
ROLTA.NS,Rolta India Limited,Technology
RSSOFTWARE.NS,R S Software (India) Limited,Technology
RSYSTEMS.NS,R Systems International Limited,Technology
SAKSOFT.NS,"Saksoft Limited, an information technology company, ",Technology
SASKEN.NS,Sasken Technologies Limited,Technology
SHYAMTEL.NS,Shyam Telecom Limited,Technology
SMARTLINK.NS,Smartlink Holdings Limited,Technology
SONATSOFTW.NS,Sonata Software Limited,Technology
STLTECH.NS,Sterlite Technologies Limited,Technology
SUBEXLTD.NS,Subex Limited,Technology
SURANASOL.NS,Surana Solar Limited,Technology
SWELECTES.NS,Swelect Energy Systems Limited,Technology
SWSOLAR.NS,Wilson Solar Limited,Technology
TANLA.NS,Tanla Platforms Limited,Technology
TATAELXSI.NS,Tata Elxsi Limited,Technology
TCS.NS,Tata Consultancy Services Limited,Technology
TECHM.NS,Tech Mahindra Limited,Technology
TEJASNET.NS,Tejas Networks Limited,Technology
TERASOFT.NS,Tera Software Limited,Technology
TNTELE.NS,Tamilnadu Telecommunications Limited,Technology
TREJHARA.NS,Trejhara Solutions Limited,Technology
TRIGYN.NS,Trigyn Technologies Limited,Technology
TVSELECT.NS,TVS Electronics Limited,Technology
UJAAS.NS,Ujaas Energy Limited,Technology
URJA.NS,Urja Global Limited,Technology
VAKRANGEE.NS,Vakrangee Limited,Technology
WEBELSOLAR.NS,Websol Energy System Limited,Technology
WHIRLPOOL.NS,Whirlpool of India Limited,Technology
WIPRO.NS,Wipro Limited,Technology
XCHANGING.NS,Xchanging Solutions Limited,Technology
ZENSARTECH.NS,Zensar Technologies Limited,Technology
3MINDIA.NS,M India Limited,Industrials
A2ZINFRA.NS,A2Z Infra Engineering Limited,Industrials
AARON.NS,Aaron Industries Limited,Industrials
AARVI.NS,Aarvi Encon Limited,Industrials
ABB.NS,ABB India Limited,Industrials
ACCURACY.NS,Accuracy Shipping Limited,Industrials
ADANIPORTS.NS,Adani Ports and Special Economic Zone Limited,Industrials
AHLUCONT.NS,Ahluwalia Contracts (India) Limited,Industrials
AIAENG.NS,AIA Engineering Limited,Industrials
ALLCARGO.NS,Allcargo Logistics Limited,Industrials
ALLSEC.NS,Allsec Technologies Limited,Industrials
ANUP.NS,Anup Engineering Limited,Industrials
APARINDS.NS,Apar Industries Limited,Industrials
APOLLO.NS,Apollo Micro Systems Limited,Industrials
APOLLOPIPE.NS,Apollo Pipes Limited,Industrials
ARCOTECH.NS,Arcotech Limited,Industrials
AROGRANITE.NS,Aro Granite Industries Limited,Industrials
ARSHIYA.NS,Arshiya Limited,Industrials
ARSSINFRA.NS,ARSS Infrastructure Projects Limited,Industrials
ASHOKA.NS,Ashoka Buildcon Limited,Industrials
ASIANTILES.NS,Asian Granito India Limited,Industrials
ASTRAL.NS,Astral Poly Technik Limited,Industrials
ATLANTA.NS,Atlanta Limited,Industrials
AWHCL.NS,Antony Waste,Industrials
AXISCADES.NS,Axiscades Technologies Limited,Industrials
BALMLAWRIE.NS,Balmer Lawrie & Co,Industrials
BANKA.NS,Banka BioLoo Limited,Industrials
BBL.NS,Bharat Bijlee Limited,Industrials
BBTC.NS,The Bombay Burmah Trading Corporation,Industrials
BDL.NS,Bharat Dynamics Limited,Industrials
BEARDSELL.NS,Beardsell Limited,Industrials
BEL.NS,Bharat Electronics Limited,Industrials
BEML.NS,BEML Limited,Industrials
BFUTILITIE.NS,BF Utilities Limited,Industrials
BGRENERGY.NS,BGR Energy Systems Limited,Industrials
BHEL.NS,Bharat Heavy Electricals Limited,Industrials
BIGBLOC.NS,Bigbloc Construction Limited,Industrials
BLS.NS,BLS International Services Limited,Industrials
BLUEDART.NS,Blue Dart Express Limited,Industrials
BLUESTARCO.NS,Blue Star Limited,Industrials
BRNL.NS,Bharat Road Network Limited,Industrials
CEBBCO.NS,Commercial Engineers & Body Builders Co Limited,Industrials
CGPOWER.NS,CG Power and Industrial Solutions Limited,Industrials
CMICABLES.NS,CMI Limited,Industrials
COCHINSHIP.NS,Cochin Shipyard Limited,Industrials
CONCOR.NS,Container Corporation of India Limited,Industrials
CONTROLPR.NS,Control Print Limited,Industrials
CORDSCABLE.NS,Cords Cable Industries Limited,Industrials
CUMMINSIND.NS,Cummins India Limited,Industrials
CYIENT.NS,Cyient Limited,Industrials
DBL.NS,EPC,Industrials
DELTAMAGNT.NS,Delta Manufacturing Limited,Industrials
DENORA.NS,De Nora India Limited,Industrials
DIAPOWER.NS,Diamond Power Infrastructure Limited,Industrials
DREDGECORP.NS,Dredging Corporation of India Limited,Industrials
DUCON.NS,Ducon Infratechnolgies Limited,Industrials
EASUNREYRL.NS,Easun Reyrolle Limited,Industrials
EIMCOELECO.NS,Eimco Elecon (India) Limited,Industrials
EKC.NS,Everest Kanto Cylinder Limited,Industrials
ELECON.NS,Elecon Engineering Company Limited,Industrials
EMCO.NS,EMCO Limited,Industrials
ENGINERSIN.NS,Engineers India Limited,Industrials
ESABINDIA.NS,ESAB India Limited,Industrials
ESSARSHPNG.NS,Essar Shipping Limited,Industrials
EVEREADY.NS,Eveready Industries India Limited,Industrials
EVERESTIND.NS,Everest Industries Limited,Industrials
EXCEL.NS,Excel Realty N Infra Limited,Industrials
FINCABLES.NS,Finolex Cables Limited,Industrials
FINPIPE.NS,Finolex Industries Limited,Industrials
FSC.NS,"Future Supply Chain Solutions Limited, together with its subsidiary, ",Industrials
GAMMNINFRA.NS,Gammon Infrastructure Projects Limited,Industrials
GANDHITUBE.NS,Gandhi Special Tubes Limited,Industrials
GATI.NS,"Gati Limited, together with its subsidiaries, ",Industrials
GAYAHWS.NS,Gayatri Highways Limited,Industrials
GAYAPROJ.NS,Gayatri Projects Limited,Industrials
GDL.NS,Gateway Distriparks Limited,Industrials
GEEKAYWIRE.NS,Geekay Wires Limited,Industrials
GENUSPOWER.NS,Genus Power Infrastructures Limited,Industrials
GEPIL.NS,GE Power India Limited,Industrials
GET&D.NS,GE,Industrials
GILLANDERS.NS,Gillanders Arbuthnot and Company Limited,Industrials
GISOLUTION.NS,GI Engineering Solutions Limited,Industrials
GKWLIMITED.NS,GKW Limited ,Industrials
GLOBALVECT.NS,Global Vectra Helicorp Limited,Industrials
GLOBOFFS.NS,Global Offshore Services Limited,Industrials
GMMPFAUDLR.NS,GMM Pfaudler Limited,Industrials
GMRINFRA.NS,GMR Infrastructure Limited,Industrials
GODHA.NS,Godha Cabcon & Insulation Limited,Industrials
GODREJIND.NS,Godrej Industries Limited,Industrials
GOODLUCK.NS,India Limited,Industrials
GPPL.NS,Gujarat Pipavav Port Limited,Industrials
GPTINFRA.NS,GPT Infraprojects Limited,Industrials
GRAPHITE.NS,Graphite India Limited,Industrials
GRAVITA.NS,Gravita India Limited,Industrials
GREAVESCOT.NS,Greaves Cotton Limited,Industrials
GRINDWELL.NS,Grindwell Norton Limited,Industrials
GRSE.NS,Garden Reach Shipbuilders & Engineers Limited,Industrials
GUJAPOLLO.NS,Gujarat Apollo Industries Limited,Industrials
HAL.NS,Hindustan Aeronautics Limited,Industrials
HAVELLS.NS,Havells India Limited,Industrials
HBLPOWER.NS,HBL Power Systems Limited,Industrials
HCC.NS,Hindustan Construction Company Limited,Industrials
HEG.NS,HEG Limited,Industrials
HERCULES.NS,Hercules Hoists Limited,Industrials
HGS.NS,Hinduja Global Solutions Limited,Industrials
HIL.NS,HIL Limited,Industrials
HILTON.NS,Hilton Metal Forging Limited,Industrials
HMT.NS,HMT Limited,Industrials
HONAUT.NS,Honeywell Automation India Limited,Industrials
HONDAPOWER.NS,Honda India Power Products Limited,Industrials
HPL.NS,HPL Electric & Power Limited,Industrials
ICEMAKE.NS,Ice Make Refrigeration Limited,Industrials
IL&FSENGG.NS,IL&FS Engineering and Construction Company Limited,Industrials
IL&FSTRANS.NS,Transportation Networks Limited,Industrials
INDIANHUME.NS,The Indian Hume Pipe Company Limited,Industrials
INDIGO.NS,InterGlobe Aviation Limited,Industrials
INDLMETER.NS,IMP Powers Limited,Industrials
INDOTECH.NS,Indo Tech Transformers Limited,Industrials
INGERRAND.NS,Ingersoll-Rand (India,Industrials
INOXWIND.NS,Inox Wind Limited,Industrials
IRCON.NS,Ircon International Limited,Industrials
IRCTC.NS,Indian Railway Catering & Tourism Corporation Limited,Industrials
ITDCEM.NS,ITD Cementation India Limited,Industrials
JAIHINDPRO.NS,Jaihind Projects Limited,Industrials
JASH.NS,Jash Engineering Limited,Industrials
JETAIRWAYS.NS,Jet Airways,Industrials
JISLDVREQS.NS,Jain Irrigation Systems Limited,Industrials
JISLJALEQS.NS,Jain Irrigation Systems Limited,Industrials
JITFINFRA.NS,JITF Infralogistics Limited,Industrials
JMCPROJECT.NS,JMC Projects,Industrials
JPASSOCIAT.NS,Jaiprakash Associates Limited,Industrials
JSWHL.NS,JSW Holdings Limited,Industrials
JYOTISTRUC.NS,Jyoti Structures Limited,Industrials
KABRAEXTRU.NS,Kabra Extrusiontechnik Limited,Industrials
KAJARIACER.NS,Kajaria Ceramics Limited,Industrials
KALPATPOWR.NS,Kalpataru Power Transmission Limited,Industrials
KAPSTON.NS,Kapston Facilities Management Limited,Industrials
KAUSHALYA.NS,Kaushalya Infrastructure Development Corporation Limited,Industrials
KEC.NS,KEC International Limited,Industrials
KECL.NS,Kirloskar Electric Company Limited,Industrials
KEI.NS,KEI Industries Limited,Industrials
KENNAMET.NS,Kennametal India Limited,Industrials
KIRLFER.NS,Kirloskar Ferrous Industries Limited,Industrials
KIRLOSBROS.NS,Kirloskar Brothers Limited,Industrials
KIRLOSENG.NS,Kirloskar Oil Engines Limited,Industrials
KIRLOSIND.NS,Kirloskar Industries Limited,Industrials
KNRCON.NS,KNR Constructions Limited,Industrials
KOTHARIPRO.NS,Kothari Products Limited,Industrials
KSB.NS,KSB Limited,Industrials
LAKPRE.NS,Lakshmi Precision Screws Limited,Industrials
LAXMIMACH.NS,Lakshmi Machine Works Limited,Industrials
LGBFORGE.NS,LGB Forge Limited,Industrials
LINCPEN.NS,Linc Pen & Plastics Limited,Industrials
LOKESHMACH.NS,Lokesh Machines Limited,Industrials
LSIL.NS,Lloyds Steels Industries Limited,Industrials
LT.NS,Larsen & Toubro Limited,Industrials
MACPOWER.NS,Macpower CNC Machines Limited,Industrials
MADHAV.NS,Granites Limited,Industrials
MADHUCON.NS,Madhucon Projects Limited,Industrials
MAHEPC.NS,Mahindra EPC Irrigation Limited,Industrials
MAHESHWARI.NS,Maheshwari Logistics Limited,Industrials
MAHLOG.NS,Mahindra Logistics Limited,Industrials
MANAKCOAT.NS,Manaksia Coated Metals & Industries Limited,Industrials
MANAKSIA.NS,Manaksia Limited,Industrials
MANUGRAPH.NS,Manugraph India Limited,Industrials
MARINE.NS,Marine Electricals,Industrials
MAZDA.NS,Mazda Limited,Industrials
MAZDOCK.NS,Mazagon Dock Shipbuilders Limited,Industrials
MBECL.NS,McNally Bharat Engineering Company Limited,Industrials
MBLINFRA.NS,MBL Infrastructures Limited,Industrials
MEP.NS,MEP Infrastructure Developers Limited,Industrials
MMFL.NS,M M Forgings Limited,Industrials
MMTC.NS,MMTC Limited,Industrials
MOLDTECH.NS,Mold-Tek Technologies Limited,Industrials
MSTCLTD.NS,MSTC Limited,Industrials
MUKANDENGG.NS,Mukand Engineers Limited,Industrials
MURUDCERA.NS,Murudeshwar Ceramics Ltd,Industrials
NAVKARCORP.NS,Navkar Corporation Limited,Industrials
NCC.NS,NCC Limited,Industrials
NECCLTD.NS,North Eastern Carrying Corporation Limited,Industrials
NELCAST.NS,Nelcast Limited,Industrials
NESCO.NS,Nesco Limited,Industrials
NIPPOBATRY.NS,Indo National Limited,Industrials
NIRAJ.NS,Niraj Cement Structurals Limited,Industrials
NITCO.NS,NITCO Limited,Industrials
NITINFIRE.NS,Nitin Fire Protection Industries Limited,Industrials
NOIDATOLL.NS,Noida Toll Bridge Company Limited,Industrials
OMMETALS.NS,Om Infra Limited,Industrials
ONEPOINT.NS,One Point One Solutions Limited ,Industrials
ORIENTBELL.NS,Orient Bell Limited,Industrials
ORIENTREF.NS,Orient Refractories Limited,Industrials
PAEL.NS,PAE Limited,Industrials
PATELENG.NS,Patel Engineering Limited,Industrials
PATINTLOG.NS,Patel Integrated Logistics Limited,Industrials
PDSMFL.NS,PDS Multinational Fashions Limited,Industrials
PENIND.NS,Pennar Industries Limited,Industrials
PITTIENG.NS,Pitti Engineering Limited,Industrials
PNCINFRA.NS,PNC Infratech Limited,Industrials
POKARNA.NS,Pokarna Limited,Industrials
POLYCAB.NS,Polycab India Limited,Industrials
POWERMECH.NS,Power Mech Projects Limited,Industrials
PPL.NS,Prakash Pipes Limited,Industrials
PRAJIND.NS,Praj Industries Limited,Industrials
PRECWIRE.NS,Precision Wires India Ltd,Industrials
PSPPROJECT.NS,PSP Projects Limited,Industrials
PUNJLLOYD.NS,Punj Lloyd Limited ,Industrials
QUESS.NS,Quess Corp Limited,Industrials
RAMCOIND.NS,Ramco Industries Limited,Industrials
RAMKY.NS,Ramky Infrastructure Limited,Industrials
REPL.NS,Rudrabhishek Enterprises Limited,Industrials
REPRO.NS,Repro India Limited,Industrials
REVATHI.NS,Revathi Equipment Limited,Industrials
RIIL.NS,Reliance Industrial Infrastructure Limited,Industrials
RITES.NS,RITES Limited,Industrials
RKEC.NS,RKEC Projects Limited,Industrials
RKFORGE.NS,Ramkrishna Forgings Limited,Industrials
RNAVAL.NS,Reliance Naval and Engineering Limited,Industrials
ROLLT.NS,Rollatainers Limited,Industrials
RVNL.NS,Vikas Nigam Limited,Industrials
S&SPOWER.NS,S&S Power Switchgear Limited,Industrials
SADBHAV.NS,Sadbhav Engineering Limited,Industrials
SADBHIN.NS,Sadbhav Infrastructure Project Limited,Industrials
SALZERELEC.NS,Salzer Electronics Limited,Industrials
SANCO.NS,Sanco Industries Limited,Industrials
SANGHVIFOR.NS,Sanghvi Forging & Engineering Limited,Industrials
SANGHVIMOV.NS,Sanghvi Movers Limited,Industrials
SCHAEFFLER.NS,Schaeffler India Limited,Industrials
SCHNEIDER.NS,Schneider Electric Infrastructure Limited,Industrials
SCI.NS,The Shipping Corporation of India Limited,Industrials
SEAMECLTD.NS,Seamec Limited,Industrials
SETUINFRA.NS,Setubandhan Infrastructure Limited,Industrials
SHAKTIPUMP.NS,Shakti Pumps,Industrials
SHREYAS.NS,Shreyas Shipping and Logistics Limited,Industrials
SHRIRAMEPC.NS,Shriram EPC Limited ,Industrials
SICAL.NS,Sical Logistics Limited,Industrials
SIEMENS.NS,Siemens Limited,Industrials
SIMPLEXINF.NS,Simplex Infrastructures Limited,Industrials
SIS.NS,Intelligence Services,Industrials
SKFINDIA.NS,SKF India Limited,Industrials
SKIL.NS,SKIL Infrastructure Limited,Industrials
SKIPPER.NS,Skipper Limited,Industrials
SNOWMAN.NS,Snowman Logistics Limited,Industrials
SOMANYCERA.NS,Somany Ceramics Limited,Industrials
SOMICONVEY.NS,Somi Conveyor Beltings Limited,Industrials
SORILINFRA.NS,SORIL Infra Resources Limited,Industrials
SPICEJET.NS,SpiceJet Limited,Industrials
SPMLINFRA.NS,SPML Infra Limited,Industrials
SRIPIPES.NS,Srikalahasthi Pipes Limited,Industrials
STCINDIA.NS,The State Trading Corporation of India Ltd,Industrials
STERTOOLS.NS,Sterling Tools Limited,Industrials
SUNDARMHLD.NS,Sundaram Finance Holdings Limited,Industrials
SUZLON.NS,Suzlon Energy Limited,Industrials
TANTIACONS.NS,Tantia Constructions Limited,Industrials
TARMAT.NS,Tarmat Limited,Industrials
TCI.NS,Transport Corporation of India Limited,Industrials
TCIEXP.NS,TCI Express Limited,Industrials
TDPOWERSYS.NS,TD Power Systems Limited,Industrials
TEAMLEASE.NS,TeamLease Services Limited,Industrials
TECHNOE.NS,Techno Electric & Engineering Company Limited,Industrials
TEXMOPIPES.NS,Texmo Pipes and Products Limited,Industrials
TEXRAIL.NS,Texmaco Rail & Engineering Limited,Industrials
THERMAX.NS,Thermax Limited,Industrials
TIIL.NS,Technocraft Industries (India,Industrials
TIL.NS,TIL Limited,Industrials
TIMKEN.NS,Timken India Limited,Industrials
TIRUPATIFL.NS,Tirupati Forge Limited,Industrials
TOTAL.NS,Total Transport Systems Limited,Industrials
TRF.NS,TRF Limited,Industrials
TRIL.NS,Rectifiers (India) Limited,Industrials
TRITURBINE.NS,Triveni Turbine Limited,Industrials
TWL.NS,Titagarh Wagons Limited,Industrials
UNITY.NS,Unity Infraprojects Limited,Industrials
UNIVASTU.NS,Univastu India Limited,Industrials
UNIVCABLES.NS,Universal Cables Limited,Industrials
VASCONEQ.NS,Vascon Engineers Limited,Industrials
VESUVIUS.NS,Vesuvius India Limited,Industrials
VETO.NS,Cables Limited,Industrials
VGUARD.NS,V-Guard Industries Limited,Industrials
VINDHYATEL.NS,Vindhya Telelinks Limited,Industrials
VISAKAIND.NS,Visaka Industries Limited,Industrials
VOLTAMP.NS,Voltamp Transformers Limited,Industrials
VOLTAS.NS,Voltas Limited,Industrials
VRLLOG.NS,VRL Logistics Limited,Industrials
WABAG.NS,VA Tech Wabag Limited,Industrials
WALCHANNAG.NS,Walchandnagar Industries Limited,Industrials
WELENT.NS,Welspun Enterprises Limited,Industrials
WENDT.NS,Wendt (India) Limited,Industrials
WINDMACHIN.NS,Windsor Machines Limited,Industrials
ZENTEC.NS,Zen Technologies Limited,Industrials
ZUARIGLOB.NS,Zuari Global Limited,Industrials
5PAISA.NS,National Stock Exchange of India Limited,Financial Services
AAVAS.NS,Aavas Financiers Limited,Financial Services
ABCAPITAL.NS,Aditya Birla Capital Limited,Financial Services
ALMONDZ.NS,Almondz Global Securities Limited,Financial Services
ANGELBRKG.NS,Angel Broking Limited,Financial Services
ARMANFIN.NS,Arman Financial Services Limited,Financial Services
AUBANK.NS,AU Small Finance Bank Limited,Financial Services
AUSOMENT.NS,Ausom Enterprise Limited,Financial Services
AXISBANK.NS,Axis Bank Limited,Financial Services
BAJAJFINSV.NS,Bajaj Finserv Limited,Financial Services
BAJAJHLDNG.NS,Bajaj Holdings & Investment Limited,Financial Services
BAJFINANCE.NS,Bajaj Finance Ltd,Financial Services
BANDHANBNK.NS,Bandhan Bank Limited,Financial Services
BANKBARODA.NS,Bank of Baroda,Financial Services
BANKINDIA.NS,Bank of India Limited,Financial Services
BFINVEST.NS,BF Investment Limited,Financial Services
BINDALAGRO.NS,Oswal Greentech Limited,Financial Services
BIRLAMONEY.NS,Aditya Birla Money Limited,Financial Services
BLBLIMITED.NS,BLB,Financial Services
BSE.NS,BSE Limited,Financial Services
CAMS.NS,Computer Age Management Services Pvt,Financial Services
CANBK.NS,Canara Bank,Financial Services
CANFINHOME.NS,Can Fin Homes Limited ,Financial Services
CAPTRUST.NS,Capital Trust Limited,Financial Services
CARERATING.NS,Ratings Limited,Financial Services
CDSL.NS,Central Depository Services,Financial Services
CENTRALBK.NS,Central Bank of India,Financial Services
CENTRUM.NS,Centrum Capital Limited,Financial Services
CGCL.NS,Capri Global Capital Limited,Financial Services
CHOLAFIN.NS,Cholamandalam Investment and Finance Company Limited,Financial Services
CHOLAHLDNG.NS,Cholamandalam Financial Holdings Limited,Financial Services
CONSOFINVT.NS,Consolidated Finvest & Holdings Limited,Financial Services
CREDITACC.NS,CreditAccess Grameen Limited,Financial Services
CREST.NS,Crest Ventures Limited,Financial Services
CRISIL.NS,CRISIL Limited,Financial Services
CSBBANK.NS,CSB Bank Limited,Financial Services
CUB.NS,City Union Bank Ltd,Financial Services
DBSTOCKBRO.NS,DB (International) Stock Brokers Limited,Financial Services
DCBBANK.NS,DCB Bank Limited,Financial Services
DCMFINSERV.NS,DCM Financial Services Limited,Financial Services
DHANBANK.NS,Dhanlaxmi Bank Limited,Financial Services
DHANI.NS,Dhani Services Limited,Financial Services
DHFL.NS,Dewan Housing Finance Corporation Limited,Financial Services
DHUNINV.NS,Dhunseri Investments Limited,Financial Services
DOLAT.NS,Dolat Investments Limited,Financial Services
DVL.NS,Dhunseri Ventures Limited,Financial Services
EBIXFOREX.NS,Ebixcash World Money India Limited,Financial Services
EDELWEISS.NS,Edelweiss Financial Services Limited,Financial Services
EMKAY.NS,Emkay Global Financial Services Limited,Financial Services
EQUITAS.NS,Equitas Holdings Limited,Financial Services
EQUITASBNK.NS,Equitas Small Finance Bank Limited,Financial Services
FEDERALBNK.NS,The Federal Bank Limited,Financial Services
GEOJITFSL.NS,Geojit Financial Services Limited,Financial Services
GICHSGFIN.NS,GIC Housing Finance Limited,Financial Services
GICRE.NS,General Insurance Corporation of India,Financial Services
GLFL.NS,Gujarat Lease Financing Limited,Financial Services
HBSL.NS,HB Stockholdings Limited,Financial Services
HDFC.NS,Housing Development Finance Corporation Limited,Financial Services
HDFCAMC.NS,HDFC Asset Management Company Limited,Financial Services
HDFCBANK.NS,HDFC Bank Limited,Financial Services
HDFCLIFE.NS,HDFC Life Insurance Company Limited,Financial Services
HOTELRUGBY.NS,Hotel Rugby Limited,Financial Services
HUDCO.NS,Housing and Urban Development Corporation Limited,Financial Services
IBULHSGFIN.NS,Indiabulls Housing Finance Limited,Financial Services
ICICIBANK.NS,ICICI Bank Limited,Financial Services
ICICIGI.NS,ICICI Lombard General Insurance Company Limited,Financial Services
ICICIPRULI.NS,ICICI Prudential Life Insurance Company Limited,Financial Services
ICRA.NS,ICRA Limited,Financial Services
IDBI.NS,IDBI Bank Limited,Financial Services
IDFC.NS,IDFC Limited,Financial Services
IDFCFIRSTB.NS,IDFC First Bank Limited,Financial Services
IEX.NS,Indian Energy Exchange Limited,Financial Services
IFCI.NS,IFCI Limited,Financial Services
IIFL.NS,IIFL Finance Limited,Financial Services
IIFLSEC.NS,IIFL Securities Limited,Financial Services
IIFLWAM.NS,IIFL Wealth Management Limited,Financial Services
IITL.NS,Industrial Investment Trust Limited,Financial Services
INDBANK.NS,Indbank Merchant Banking Services Limited,Financial Services
INDIANB.NS,Indian Bank,Financial Services
INDOSTAR.NS,IndoStar Capital Finance Limited,Financial Services
INDOTHAI.NS,Indo Thai Securities Ltd,Financial Services
INDUSINDBK.NS,IndusInd Bank Limited,Financial Services
INFOMEDIA.NS,Infomedia Press Limited,Financial Services
INVENTURE.NS,Inventure Growth & Securities Limited,Financial Services
IOB.NS,Indian Overseas Bank,Financial Services
ISEC.NS,ICICI Securities Limited,Financial Services
IVC.NS,Infrastructure Leasing & Financial Services Limited,Financial Services
J&KBANK.NS,Kashmir Bank Limited,Financial Services
JINDALPHOT.NS,Jindal Photo Limited,Financial Services
JMFINANCIL.NS,JM Financial Limited,Financial Services
JPOLYINVST.NS,Jindal Poly Investment and Finance Company Limited,Financial Services
KARURVYSYA.NS,The Karur Vysya Bank Limited,Financial Services
KEYFINSERV.NS,Keynote Financial Services Limited,Financial Services
KHANDSE.NS,Khandwala Securities Limited,Financial Services
KICL.NS,Kalyani Investment Company Limited,Financial Services
KOTAKBANK.NS,Kotak Mahindra Bank Limited,Financial Services
KTKBANK.NS,The Karnataka Bank Limited,Financial Services
L&TFH.NS,L&T Finance Holdings Limited,Financial Services
LFIC.NS,Lakshmi Finance & Industrial Corporation Limited,Financial Services
LICHSGFIN.NS,LIC Housing Finance Limited,Financial Services
M&MFIN.NS,Mahindra & Mahindra Financial Services Limited,Financial Services
MAGMA.NS,Magma Fincorp Limited,Financial Services
MAHABANK.NS,Bank of Maharashtra,Financial Services
MANAPPURAM.NS,Manappuram Finance Limited,Financial Services
MASFIN.NS,MAS Financial Services Limited,Financial Services
MASKINVEST.NS,Mask Investment Limited,Financial Services
MCDHOLDING.NS,McDowell Holdings Limited,Financial Services
MCX.NS,Multi Commodity Exchange of India Limited,Financial Services
MFSL.NS,Max Financial Services Limited,Financial Services
MOTILALOFS.NS,Motilal Oswal Financial Services Limited,Financial Services
MUTHOOTCAP.NS,Muthoot Capital Services Limited,Financial Services
MUTHOOTFIN.NS,Muthoot Finance Limited,Financial Services
NAGREEKCAP.NS,Nagreeka Capital & Infrastructure Ltd,Financial Services
NAHARCAP.NS,Nahar Capital and Financial Services Limited,Financial Services
NAM-INDIA.NS,Nippon Life Asset Management Limited,Financial Services
NDGL.NS,Naga Dhunseri Group Limited,Financial Services
NIACL.NS,The New India Assurance Company Limited,Financial Services
NSIL.NS,Nalwa Sons Investments Limited,Financial Services
ONELIFECAP.NS,Onelife Capital Advisors Limited ,Financial Services
PAISALO.NS,Paisalo Digital Limited,Financial Services
PEL.NS,Piramal Enterprises Limited,Financial Services
PFC.NS,Power Finance Corporation Limited,Financial Services
PFS.NS,PTC India Financial Services Limited,Financial Services
PILANIINVS.NS,Pilani Investment and Industries Corporation Limited,Financial Services
PNB.NS,Punjab National Bank,Financial Services
PNBGILTS.NS,PNB Gilts Ltd,Financial Services
PNBHOUSING.NS,PNB Housing Finance Limited,Financial Services
PRIMESECU.NS,Prime Securities Limited ,Financial Services
PSB.NS,Punjab & Sind Bank,Financial Services
RBLBANK.NS,RBL Bank Limited,Financial Services
RECLTD.NS,REC Limited,Financial Services
RELCAPITAL.NS,Reliance Capital Limited,Financial Services
RELIGARE.NS,Religare Enterprises Limited,Financial Services
REPCOHOME.NS,Repco Home Finance Limited,Financial Services
RHFL.NS,Reliance Home Finance Limited,Financial Services
SATIN.NS,Satin Creditcare Network Limited,Financial Services
SBICARD.NS,SBI Cards and Payment Services Limited,Financial Services
SBILIFE.NS,SBI Life Insurance Company Limited,Financial Services
SBIN.NS,State Bank of India,Financial Services
SCAPDVR.NS,Stampede Capital Limited,Financial Services
SHAREINDIA.NS,India Securities Limited,Financial Services
SILINV.NS,SIL Investments Limited,Financial Services
SOUTHBANK.NS,The South Indian Bank Limited,Financial Services
SPANDANA.NS,Spandana Sphoorty Financial Limited,Financial Services
SREINFRA.NS,Srei Infrastructure Finance Limited,Financial Services
SRTRANSFIN.NS,Shriram Transport Finance Company Limited,Financial Services
STEELCITY.NS,Steel City Securities Limited,Financial Services
SUMMITSEC.NS,Summit Securities Limited,Financial Services
SUNDARMFIN.NS,Sundaram Finance Limited,Financial Services
TATAINVEST.NS,Tata Investment Corporation Limited,Financial Services
TCIFINANCE.NS,TCI Finance Limited,Financial Services
TFCILTD.NS,Tourism Finance Corporation of India Limited,Financial Services
TFL.NS,Transwarranty Finance Limited,Financial Services
THEINVEST.NS,The Investment Trust of India Limited,Financial Services
TIMESGTY.NS,Times Guaranty Limited,Financial Services
UCOBANK.NS,UCO Bank,Financial Services
UJJIVAN.NS,Ujjivan Financial Services Limited,Financial Services
UJJIVANSFB.NS,Ujjivan Small Finance Bank Limited,Financial Services
UNIONBANK.NS,Union Bank of India,Financial Services
UTIAMC.NS,UTI Asset Management Company,Financial Services
VHL.NS,Vardhman Holdings Limited,Financial Services
VIJIFIN.NS,Viji Finance Limited,Financial Services
VLSFINANCE.NS,VLS Finance Limited,Financial Services
WELINV.NS,Welspun Investments and Commercials Limited,Financial Services
WILLAMAGOR.NS,Williamson Magor & Co,Financial Services
YAARII.NS,Yaarii Digital Integrated Services Limited,Financial Services
YESBANK.NS,Bank Limited,Financial Services
AAKASH.NS,Aakash Exploration Services Limited,Energy
ABAN.NS,"Aban Offshore Limited, together with its subsidiaries, ",Energy
ADANIENT.NS,Adani Enterprises Limited,Energy
AEGISCHEM.NS,Aegis Logistics Limited,Energy
BPCL.NS,Bharat Petroleum Corporation Limited,Energy
CHENNPETRO.NS,Chennai Petroleum Corporation Limited,Energy
COALINDIA.NS,Coal India Limited,Energy
CONFIPET.NS,Petroleum India Limited,Energy
DEEPENR.NS,Deep Energy Resources Limited,Energy
GMDCLTD.NS,Gujarat Mineral Development Corporation Limited,Energy
HINDOILEXP.NS,Hindustan Oil Exploration Company Limited,Energy
HINDPETRO.NS,Hindustan Petroleum Corporation Limited,Energy
IOC.NS,Indian Oil Corporation Limited,Energy
JINDRILL.NS,Jindal Drilling & Industries Limited,Energy
LIKHITHA.NS,Likhitha Infrastructure Limited,Energy
MERCATOR.NS,Mercator Limited,Energy
MRPL.NS,Mangalore Refinery and Petrochemicals Limited,Energy
OIL.NS,Oil India Limited,Energy
ONGC.NS,Oil and Natural Gas Corporation Limited,Energy
PANAMAPET.NS,Panama Petrochem Limited,Energy
PETRONET.NS,LNG,Energy
REFEX.NS,Refex Industries Limited,Energy
RELIANCE.NS,Reliance Industries Limited,Energy
SELAN.NS,Selan Exploration Technology Limited,Energy
UNIDT.NS,United Drilling Tools Limited,Energy
AARTIDRUGS.NS,Aarti Drugs Limited,Healthcare
ABBOTINDIA.NS,Abbott India Limited,Healthcare
AJANTPHARM.NS,Ajanta Pharma Limited,Healthcare
ALEMBICLTD.NS,Alembic Limited,Healthcare
ALKEM.NS,Alkem Laboratories Limited,Healthcare
ALPA.NS,Alpa Laboratories Limited,Healthcare
AMRUTANJAN.NS,Amrutanjan Health Care Limited,Healthcare
APLLTD.NS,Alembic Pharmaceuticals Limited,Healthcare
APOLLOHOSP.NS,Apollo Hospitals Enterprise Limited,Healthcare
ASTERDM.NS,Aster DM Healthcare Limited,Healthcare
ASTRAZEN.NS,AstraZeneca Pharma India Limited,Healthcare
AUROPHARMA.NS,Aurobindo Pharma Limited,Healthcare
BAFNAPH.NS,Bafna Pharmaceuticals Limited,Healthcare
BALPHARMA.NS,Bal Pharma Limited,Healthcare
BIOCON.NS,Biocon Limited,Healthcare
BIOFILCHEM.NS,Biofil Chemicals and Pharmaceuticals Limited,Healthcare
BLISSGVS.NS,Bliss GVS Pharma Limited,Healthcare
BROOKS.NS,Brooks Laboratories Limited,Healthcare
CADILAHC.NS,Cadila Healthcare Limited,Healthcare
CAPLIPOINT.NS,Caplin Point Laboratories Limited,Healthcare
DCAL.NS,Dishman Carbogen Amcis Limited,Healthcare
DIVISLAB.NS,Divi,Healthcare
ERIS.NS,Eris Lifesciences Limited,Healthcare
FDC.NS,FDC Limited,Healthcare
FORTIS.NS,Fortis Healthcare Limited,Healthcare
GLAND.NS,Pharma Limited,Healthcare
GLAXO.NS,GlaxoSmithKline Pharmaceuticals Limited,Healthcare
GLENMARK.NS,Glenmark Pharmaceuticals Limited,Healthcare
GRANULES.NS,Granules India Limited,Healthcare
GUFICBIO.NS,Gufic Biosciences Limited,Healthcare
HCG.NS,HealthCare Global Enterprises Limited,Healthcare
HESTERBIO.NS,Hester Biosciences Limited,Healthcare
INDOCO.NS,Indoco Remedies Limited,Healthcare
INDRAMEDCO.NS,Indraprastha Medical Corporation Limited,Healthcare
INDSWFTLAB.NS,Ind-Swift Laboratories Limited,Healthcare
IOLCP.NS,IOL Chemicals and Pharmaceuticals Limited,Healthcare
IPCALAB.NS,Ipca Laboratories Limited,Healthcare
JAGSNPHARM.NS,Jagsonpal Pharmaceuticals Limited,Healthcare
JUBILANT.NS,Jubilant Life Sciences Limited,Healthcare
KILITCH.NS,Kilitch Drugs (India) Limited,Healthcare
KREBSBIO.NS,Krebs Biochemicals & Industries Limited,Healthcare
LASA.NS,Lasa Supergenerics Limited,Healthcare
LAURUSLABS.NS,Laurus Labs Limited,Healthcare
LINCOLN.NS,Lincoln Pharmaceuticals Limited,Healthcare
LOTUSEYE.NS,Lotus Eye Hospital,Healthcare
LYKALABS.NS,Lyka Labs Limited,Healthcare
MANGALAM.NS,Mangalam Drugs & Organics Limited,Healthcare
MARKSANS.NS,Marksans Pharma Limited,Healthcare
MAXHEALTH.NS,Max Healthcare Institute Limited,Healthcare
MAXIND.NS,Max India Limited,Healthcare
METROPOLIS.NS,Metropolis Healthcare Limited,Healthcare
MOREPENLAB.NS,Morepen Laboratories Limited,Healthcare
NATCOPHARM.NS,NATCO Pharma Limited,Healthcare
NECLIFE.NS,Nectar Lifesciences Limited,Healthcare
NEULANDLAB.NS,Neuland Laboratories Limited,Healthcare
NH.NS,Narayana Hrudayalaya Limited ,Healthcare
NOVARTIND.NS,Novartis India Limited,Healthcare
OPTOCIRCUI.NS,Opto Circuits (India,Healthcare
ORCHPHARMA.NS,Orchid Pharma Limited,Healthcare
PANACEABIO.NS,Biotec Limited,Healthcare
PARABDRUGS.NS,Parabolic Drugs Limited,Healthcare
PFIZER.NS,Pfizer Limited,Healthcare
PGHL.NS,Procter & Gamble Health Limited,Healthcare
POLYMED.NS,Poly Medicure Limited,Healthcare
RPGLIFE.NS,RPG Life Sciences Limited,Healthcare
SAKAR.NS,Sakar Healthcare Limited,Healthcare
SANOFI.NS,Sanofi India Limited,Healthcare
SASTASUNDR.NS,Sastasundar Ventures Limited,Healthcare
SEQUENT.NS,Sequent Scientific Limited,Healthcare
SHALBY.NS,Shalby Limited,Healthcare
SHILPAMED.NS,Shilpa Medicare Limited,Healthcare
SMSLIFE.NS,SMS Lifesciences India Limited,Healthcare
SMSPHARMA.NS,SMS Pharmaceuticals Limited,Healthcare
SOLARA.NS,Solara Active Pharma Sciences Limited,Healthcare
SPARC.NS,Sun Pharma Advanced Research Company Limited,Healthcare
STAR.NS,Strides Pharma Science Limited,Healthcare
SUNPHARMA.NS,Sun Pharmaceutical Industries Limited,Healthcare
SUVEN.NS,Suven Life Sciences Limited,Healthcare
SUVENPHAR.NS,Suven Pharmaceuticals Limited,Healthcare
SYNCOM.NS,Syncom Healthcare Limited,Healthcare
SYNGENE.NS,Syngene International Limited,Healthcare
TAKE.NS,Solutions Limited,Healthcare
THEMISMED.NS,Themis Medicare Limited,Healthcare
THYROCARE.NS,Thyrocare Technologies Limited,Healthcare
TORNTPHARM.NS,Torrent Pharmaceuticals Limited,Healthcare
TTKHLTCARE.NS,TTK Healthcare Limited,Healthcare
UNICHEMLAB.NS,Unichem Laboratories Limited,Healthcare
UNIVPHOTO.NS,Universus Photo Imagings Limited,Healthcare
VAISHALI.NS,Vaishali Pharma Limited,Healthcare
VENUSREM.NS,Venus Remedies Limited,Healthcare
VIMTALABS.NS,Vimta Labs Limited,Healthcare
VIVIMEDLAB.NS,Vivimed Labs Limited,Healthcare
WANBURY.NS,Wanbury Limited,Healthcare
WOCKPHARMA.NS,Wockhardt Limited,Healthcare
ZOTA.NS,Zota Health Care Limited,Healthcare
AARVEEDEN.NS,Aarvee Denims and Exports Limited,Consumer Cyclical
ADL.NS,Archidply Decor Limited,Consumer Cyclical
ADVANIHOTR.NS,Advani Hotels & Resorts,Consumer Cyclical
ALOKINDS.NS,Alok Industries Limited,Consumer Cyclical
ALPSINDUS.NS,Alps Industries Limited,Consumer Cyclical
AMBIKCO.NS,Ambika Cotton Mills Limited,Consumer Cyclical
AMDIND.NS,AMD Industries Limited,Consumer Cyclical
APOLLOTYRE.NS,Apollo Tyres Limited,Consumer Cyclical
APOLSINHOT.NS,Apollo Sindoori Hotels Limited,Consumer Cyclical
ARCHIES.NS,Archies,Consumer Cyclical
ARROWGREEN.NS,Arrow Greentech Limited,Consumer Cyclical
ARVINDFASN.NS,Arvind Fashions Limited,Consumer Cyclical
ASAHIINDIA.NS,Asahi India Glass Limited,Consumer Cyclical
ASAL.NS,Automotive Stampings,Consumer Cyclical
ASHIMASYN.NS,Ashima Limited,Consumer Cyclical
ASIANHOTNR.NS,North) Limited,Consumer Cyclical
ATULAUTO.NS,Atul Auto Limited,Consumer Cyclical
AUTOAXLES.NS,Automotive Axles Limited,Consumer Cyclical
AUTOIND.NS,Autoline Industries Limited,Consumer Cyclical
AYMSYNTEX.NS,AYM Syntex Limited,Consumer Cyclical
BAJAJ-AUTO.NS,Bajaj Auto Limited,Consumer Cyclical
BALKRISHNA.NS,Balkrishna Paper Mills Limited,Consumer Cyclical
BALKRISIND.NS,Balkrishna Industries Limited,Consumer Cyclical
BANARBEADS.NS,Banaras Beads Limited,Consumer Cyclical
BANCOINDIA.NS,Banco Products (India) Limited,Consumer Cyclical
BANG.NS,Bang Overseas Limited,Consumer Cyclical
BANSWRAS.NS,Banswara Syntex Limited,Consumer Cyclical
BASML.NS,Bannari Amman Spinning Mills Ltd,Consumer Cyclical
BATAINDIA.NS,Bata India Limited,Consumer Cyclical
BHANDARI.NS,Bhandari Hosiery Exports Limited,Consumer Cyclical
BHARATFORG.NS,Bharat Forge Limited,Consumer Cyclical
BHARATGEAR.NS,Bharat Gears Limited,Consumer Cyclical
BIL.NS,Bhartiya International Limited,Consumer Cyclical
BIRLATYRE.NS,Birla Tyres Limited,Consumer Cyclical
BKMINDST.NS,BKM Industries Limited,Consumer Cyclical
BLUECOAST.NS,Blue Coast Hotels Limited,Consumer Cyclical
BOROLTD.NS,Borosil Limited,Consumer Cyclical
BORORENEW.NS,Borosil Renewables Limited,Consumer Cyclical
BOSCHLTD.NS,Bosch Limited,Consumer Cyclical
BRFL.NS,Bombay Rayon Fashions Limited,Consumer Cyclical
BSL.NS,BSL Limited,Consumer Cyclical
BURGERKING.NS,Burger King India Limited,Consumer Cyclical
BUTTERFLY.NS,Butterfly,Consumer Cyclical
BYKE.NS,The Byke Hospitality Limited,Consumer Cyclical
CANTABIL.NS,Cantabil Retail India Limited,Consumer Cyclical
CCHHL.NS,Country Club Hospitality & Holidays Limited,Consumer Cyclical
CEATLTD.NS,CEAT Limited,Consumer Cyclical
CENTURYPLY.NS,Century Plyboards (India) Limited,Consumer Cyclical
CHALET.NS,Chalet Hotels Limited,Consumer Cyclical
CNOVAPETRO.NS,CIL Nova Petrochemicals Limited,Consumer Cyclical
CORALFINAC.NS,Coral India Finance,Consumer Cyclical
COSMOFILMS.NS,Cosmo Films Limited,Consumer Cyclical
COX&KINGS.NS,Cox & Kings Limited,Consumer Cyclical
CROMPTON.NS,Crompton Greaves Consumer Electricals Limited,Consumer Cyclical
DAMODARIND.NS,Damodar Industries Limited,Consumer Cyclical
DCMNVL.NS,DCM Nouvelle Limited,Consumer Cyclical
DELTACORP.NS,Delta Corp Limited,Consumer Cyclical
DIGJAMLTD.NS,Digjam Limited,Consumer Cyclical
DOLLAR.NS,Dollar Industries Limited,Consumer Cyclical
DONEAR.NS,Donear Industries Limited,Consumer Cyclical
DYNAMATECH.NS,Dynamatic Technologies Limited,Consumer Cyclical
EASTSILK.NS,Eastern Silk Industries Limited,Consumer Cyclical
EICHERMOT.NS,Eicher Motors Limited,Consumer Cyclical
EIHAHOTELS.NS,EIH Associated Hotels Limited,Consumer Cyclical
EIHOTEL.NS,EIH Limited,Consumer Cyclical
ELGIRUBCO.NS,Elgi Rubber Company Limited,Consumer Cyclical
EMMBI.NS,Emmbi Industries Limited,Consumer Cyclical
ENDURANCE.NS,Endurance Technologies Limited,Consumer Cyclical
EPL.NS,EPL Limited,Consumer Cyclical
EUROTEXIND.NS,Eurotex Industries and Exports Limited,Consumer Cyclical
EXIDEIND.NS,Exide Industries Limited,Consumer Cyclical
FEL.NS,Future Enterprises Limited,Consumer Cyclical
FELDVR.NS,Future Enterprises Limited,Consumer Cyclical
FIEMIND.NS,Fiem Industries Limited,Consumer Cyclical
FILATEX.NS,Filatex India Limited,Consumer Cyclical
FLEXITUFF.NS,Flexituff Ventures International Limited,Consumer Cyclical
FLFL.NS,Future Lifestyle Fashions Limited,Consumer Cyclical
FORCEMOT.NS,Force Motors Limited,Consumer Cyclical
GABRIEL.NS,Gabriel India Limited,Consumer Cyclical
GANECOS.NS,Ganesha Ecosphere Limited,Consumer Cyclical
GARDENSILK.NS,Garden Silk Mills Limited,Consumer Cyclical
GBGLOBAL.NS,GB Global Limited,Consumer Cyclical
GINNIFILA.NS,Ginni Filaments Limited,Consumer Cyclical
GLOBE.NS,Globe Textiles (India,Consumer Cyclical
GNA.NS,G N A Axles Limited,Consumer Cyclical
GOENKA.NS,Goenka Diamond,Consumer Cyclical
GOLDIAM.NS,Goldiam International Limited,Consumer Cyclical
GOODYEAR.NS,Goodyear India Limited,Consumer Cyclical
GREENLAM.NS,Greenlam Industries Limited,Consumer Cyclical
GREENPANEL.NS,Greenpanel Industries Limited,Consumer Cyclical
GRPLTD.NS,GRP Limited,Consumer Cyclical
GTNIND.NS,GTN Industries Limited,Consumer Cyclical
GTNTEX.NS,GTN Textiles Limited,Consumer Cyclical
HARITASEAT.NS,Harita Seating Systems Limited,Consumer Cyclical
HIMATSEIDE.NS,Himatsingka Seide Limited,Consumer Cyclical
HINDCOMPOS.NS,Hindustan Composites Limited,Consumer Cyclical
HINDMOTORS.NS,Hindustan Motors Limited,Consumer Cyclical
HINDNATGLS.NS,Hindusthan National Glass & Industries Limited,Consumer Cyclical
HITECHCORP.NS,Hitech Corporation Limited,Consumer Cyclical
HLVLTD.NS,HLV Limited,Consumer Cyclical
HUHTAMAKI.NS,Huhtamaki India Limited,Consumer Cyclical
ICIL.NS,Indo Count Industries Limited,Consumer Cyclical
IGARASHI.NS,Igarashi Motors India Limited,Consumer Cyclical
IMPAL.NS,India Motor Parts & Accessories Limited,Consumer Cyclical
INDHOTEL.NS,The Indian Hotels Company Limited,Consumer Cyclical
INDIANCARD.NS,The Indian Card Clothing Company Limited,Consumer Cyclical
INDNIPPON.NS,Nippon Electricals Limited,Consumer Cyclical
INDORAMA.NS,Indo Rama Synthetics,Consumer Cyclical
INDTERRAIN.NS,Indian Terrain Fashions Limited,Consumer Cyclical
INTEGRA.NS,Integra Garments and Textiles Limited,Consumer Cyclical
ISFT.NS,IntraSoft Technologies Limited,Consumer Cyclical
JAMNAAUTO.NS,Jamna Auto Industries Limited,Consumer Cyclical
JAYBARMARU.NS,Maruti Limited,Consumer Cyclical
JBFIND.NS,JBF Industries Limited,Consumer Cyclical
JBMA.NS,JBM Auto Limited,Consumer Cyclical
JINDWORLD.NS,Jindal Worldwide Limited,Consumer Cyclical
JKTYRE.NS,JK Tyre & Industries Limited,Consumer Cyclical
JMA.NS,Jullundur Motor Agency,Consumer Cyclical
JMTAUTOLTD.NS,JMT Auto Limited,Consumer Cyclical
JTEKTINDIA.NS,JTEKT India Limited,Consumer Cyclical
KALYANIFRG.NS,Kalyani Forge Limited,Consumer Cyclical
KAMATHOTEL.NS,Kamat Hotels (India) Limited,Consumer Cyclical
KANANIIND.NS,Kanani Industries Limited,Consumer Cyclical
KANPRPLA.NS,Kanpur Plastipack Limited,Consumer Cyclical
KDDL.NS,KDDL Limited,Consumer Cyclical
KHADIM.NS,Khadim India Limited,Consumer Cyclical
KITEX.NS,Kitex Garments Limited,Consumer Cyclical
KKCL.NS,Kiran Clothing Limited,Consumer Cyclical
LAMBODHARA.NS,Lambodhara Textiles Limited,Consumer Cyclical
LAOPALA.NS,La Opala RG Limited,Consumer Cyclical
LEMONTREE.NS,Lemon Tree Hotels Limited,Consumer Cyclical
LIBAS.NS,Libas Consumer Products Limited,Consumer Cyclical
LIBERTSHOE.NS,Liberty Shoes Limited,Consumer Cyclical
LUMAXIND.NS,Lumax Industries Limited,Consumer Cyclical
LUMAXTECH.NS,Lumax Auto Technologies Limited,Consumer Cyclical
LUXIND.NS,Lux Industries Limited,Consumer Cyclical
LYPSAGEMS.NS,Lypsa Gems & Jewellery Limited,Consumer Cyclical
M&M.NS,Mahindra & Mahindra Limited,Consumer Cyclical
MAHINDCIE.NS,Mahindra CIE Automotive Limited,Consumer Cyclical
MAHSCOOTER.NS,Maharashtra Scooters Ltd,Consumer Cyclical
MARALOVER.NS,Maral Overseas Limited,Consumer Cyclical
MARUTI.NS,Maruti Suzuki India Limited,Consumer Cyclical
MAXVIL.NS,Max Ventures and Industries Limited,Consumer Cyclical
MAYURUNIQ.NS,Mayur Uniquoters Limited,Consumer Cyclical
MENONBE.NS,Menon Bearings Limited,Consumer Cyclical
MHRIL.NS,Mahindra Holidays & Resorts India Limited,Consumer Cyclical
MINDACORP.NS,Minda Corporation Limited,Consumer Cyclical
MINDAIND.NS,Minda Industries Limited,Consumer Cyclical
MIRCELECTR.NS,MIRC Electronics Limited,Consumer Cyclical
MIRZAINT.NS,Mirza International Limited,Consumer Cyclical
MITTAL.NS,Mittal Life Style Limited,Consumer Cyclical
MOHITIND.NS,Mohit Industries Limited,Consumer Cyclical
MOHOTAIND.NS,Mohota Industries Limited,Consumer Cyclical
MOLDTKPAC.NS,Mold-Tek Packaging Limited,Consumer Cyclical
MONTECARLO.NS,Monte Carlo Fashions Limited,Consumer Cyclical
MORARJEE.NS,Morarjee Textiles Limited,Consumer Cyclical
MOTHERSUMI.NS,Motherson Sumi Systems Limited,Consumer Cyclical
MRF.NS,MRF Limited,Consumer Cyclical
MUNJALAU.NS,Munjal Auto Industries Limited,Consumer Cyclical
NAGREEKEXP.NS,Nagreeka Exports Limited,Consumer Cyclical
NAHARINDUS.NS,Nahar Industrial Enterprises Limited,Consumer Cyclical
NAHARPOLY.NS,Nahar Poly Films Limited,Consumer Cyclical
NAHARSPING.NS,Nahar Spinning Mills Ltd,Consumer Cyclical
NDL.NS,Nandan Denim Limited,Consumer Cyclical
NITINSPIN.NS,Nitin Spinners Limited,Consumer Cyclical
NRBBEARING.NS,NRB Bearings Limited,Consumer Cyclical
OLECTRA.NS,Olectra Greentech Limited,Consumer Cyclical
OMAXAUTO.NS,Omax Autos Limited,Consumer Cyclical
ORICONENT.NS,Oricon Enterprises Limited,Consumer Cyclical
ORIENTELEC.NS,Orient Electric Limited,Consumer Cyclical
ORIENTHOT.NS,Oriental Hotels Limited,Consumer Cyclical
ORIENTLTD.NS,Orient Press Limited,Consumer Cyclical
PATSPINLTD.NS,Patspin India Limited,Consumer Cyclical
PCJEWELLER.NS,Jeweller Limited,Consumer Cyclical
PEARLPOLY.NS,Pearl Polymers Limited,Consumer Cyclical
PGIL.NS,Pearl Global Industries Limited,Consumer Cyclical
PILITA.NS,Pil Italica Lifestyle Limited,Consumer Cyclical
PIONEEREMB.NS,Pioneer Embroideries Limited,Consumer Cyclical
PPAP.NS,PPAP Automotive Limited,Consumer Cyclical
PRAXIS.NS,Praxis Home Retail Limited,Consumer Cyclical
PRECAM.NS,Precision Camshafts Limited,Consumer Cyclical
PRECOT.NS,Precot Limited,Consumer Cyclical
RAJESHEXPO.NS,Rajesh Exports Limited,Consumer Cyclical
RAJRAYON.NS,Raj Rayon Industries Limited,Consumer Cyclical
RANEENGINE.NS,Rane Engine Valve Limited,Consumer Cyclical
RANEHOLDIN.NS,Rane Holdings Limited,Consumer Cyclical
RAYMOND.NS,Raymond Limited,Consumer Cyclical
REMSONSIND.NS,Remsons Industries Limited,Consumer Cyclical
RGL.NS,Renaissance Global Limited,Consumer Cyclical
RICOAUTO.NS,Rico Auto Industries Limited,Consumer Cyclical
RMCL.NS,Radha Madhav Corporation Limited,Consumer Cyclical
ROHLTD.NS,Royal Orchid Hotels Limited,Consumer Cyclical
RSWM.NS,RSWM Limited,Consumer Cyclical
RUBYMILLS.NS,The Ruby Mills Limited,Consumer Cyclical
RUPA.NS,Rupa & Company Limited,Consumer Cyclical
RUSHIL.NS,cor Limited,Consumer Cyclical
SAFARI.NS,Safari Industries (India,Consumer Cyclical
SANDHAR.NS,Sandhar Technologies Limited,Consumer Cyclical
SANGAMIND.NS,Sangam (India),Consumer Cyclical
SARLAPOLY.NS,Sarla Performance Fibers Limited,Consumer Cyclical
SELMCL.NS,SEL Manufacturing Company Limited,Consumer Cyclical
SETCO.NS,Setco Automotive Limited,Consumer Cyclical
SFL.NS,Sheela Foam Limited,Consumer Cyclical
SGL.NS,STL Global Limited,Consumer Cyclical
SHANKARA.NS,Shankara Building Products Limited,Consumer Cyclical
SHARDAMOTR.NS,Sharda Motor Industries Limited,Consumer Cyclical
SHIL.NS,Somany Home Innovation Limited,Consumer Cyclical
SHIVAMAUTO.NS,Shivam Autotech Limited,Consumer Cyclical
SHIVAMILLS.NS,Shiva Mills Limited,Consumer Cyclical
SHIVATEX.NS,Texyarn Limited,Consumer Cyclical
SHRIPISTON.NS,Shriram Pistons & Rings Limited,Consumer Cyclical
SIL.NS,Standard Industries Limited,Consumer Cyclical
SINTERCOM.NS,Sintercom India Limited,Consumer Cyclical
SINTEX.NS,Sintex Industries Limited,Consumer Cyclical
SIYSIL.NS,Siyaram Silk Mills Limited,Consumer Cyclical
SMLISUZU.NS,SML Isuzu Limited,Consumer Cyclical
SOMATEX.NS,Soma Textiles & Industries,Consumer Cyclical
SPECIALITY.NS,Speciality Restaurants Limited,Consumer Cyclical
SPENTEX.NS,CLC Industries Limited,Consumer Cyclical
SPLIL.NS,SPL Industries Limited,Consumer Cyclical
SPTL.NS,Sintex Plastics Technology Limited,Consumer Cyclical
SUBROS.NS,Subros Limited,Consumer Cyclical
SUNCLAYLTD.NS,Sundaram-Clayton Limited,Consumer Cyclical
SUNDRMBRAK.NS,Sundaram Brake Linings Limited,Consumer Cyclical
SUNDRMFAST.NS,Sundram Fasteners Limited,Consumer Cyclical
SUPERHOUSE.NS,Superhouse Limited,Consumer Cyclical
SUPERSPIN.NS,Super Spinning Mills Limited,Consumer Cyclical
SUPRAJIT.NS,Suprajit Engineering Limited,Consumer Cyclical
SUPREMEIND.NS,Supreme Industries Limited,Consumer Cyclical
SURYALAXMI.NS,Suryalakshmi Cotton Mills Limited,Consumer Cyclical
SUTLEJTEX.NS,Sutlej Textiles and Industries Limited,Consumer Cyclical
SUULD.NS,Suumaya Lifestyle Limited,Consumer Cyclical
SWANENERGY.NS,Swan Energy Limited,Consumer Cyclical
SWARAJENG.NS,Swaraj Engines Limited,Consumer Cyclical
SYMPHONY.NS,Symphony Limited,Consumer Cyclical
TAJGVK.NS,TAJGVK Hotels & Resorts Limited,Consumer Cyclical
TALBROAUTO.NS,Talbros Automotive Components Limited,Consumer Cyclical
TATAMOTORS.NS,Tata Motors Limited,Consumer Cyclical
TATAMTRDVR.NS,Tata Motors Limited,Consumer Cyclical
TBZ.NS,Tribhovandas Bhimji Zaveri Limited,Consumer Cyclical
TCNSBRANDS.NS,TCNS Clothing Co,Consumer Cyclical
TCPLPACK.NS,TCPL Packaging Limited,Consumer Cyclical
TGBHOTELS.NS,Hotels Limited,Consumer Cyclical
THANGAMAYL.NS,Thangamayil Jewellery Limited,Consumer Cyclical
THOMASCOOK.NS,Thomas Cook (India) Limited ,Consumer Cyclical
TIINDIA.NS,Tube Investments of India Limited,Consumer Cyclical
TIMETECHNO.NS,Time Technoplast Limited,Consumer Cyclical
TITAN.NS,Titan Company Limited,Consumer Cyclical
TMRVL.NS,The Mandhana Retail Ventures Limited,Consumer Cyclical
TOKYOPLAST.NS,Tokyo Plast International Limited,Consumer Cyclical
TRENT.NS,Westside,Consumer Cyclical
TRIDENT.NS,Trident Limited,Consumer Cyclical
TTKPRESTIG.NS,TTK Prestige Limited,Consumer Cyclical
TVSMOTOR.NS,TVS Motor Company Limited,Consumer Cyclical
TVSSRICHAK.NS,TVS,Consumer Cyclical
UCALFUEL.NS,Ucal Fuel Systems Limited,Consumer Cyclical
UFLEX.NS,Uflex Limited,Consumer Cyclical
VAIBHAVGBL.NS,Vaibhav Global Limited,Consumer Cyclical
VARDHACRLC.NS,Vardhman Acrylics Limited,Consumer Cyclical
VARDMNPOLY.NS,Vardhman Polytex Limited,Consumer Cyclical
VARROC.NS,Varroc Engineering Limited,Consumer Cyclical
VICEROY.NS,Hotels Limited,Consumer Cyclical
VIDEOIND.NS,Videocon Industries Limited,Consumer Cyclical
VIPCLOTHNG.NS,VIP Clothing Limited,Consumer Cyclical
VIPIND.NS,VIP Industries Limited,Consumer Cyclical
VISHAL.NS,Vishal Fabrics Limited,Consumer Cyclical
VIVIDHA.NS,Visagar Polytex Limited,Consumer Cyclical
VMART.NS,V-Mart Retail Limited,Consumer Cyclical
VTL.NS,Vardhman Textiles Limited,Consumer Cyclical
WABCOINDIA.NS,WABCO India Limited,Consumer Cyclical
WEIZMANIND.NS,Weizmann Limited,Consumer Cyclical
WELSPUNIND.NS,Welspun India Limited,Consumer Cyclical
WESTLIFE.NS,Westlife Development Limited,Consumer Cyclical
WHEELS.NS,Wheels India Limited,Consumer Cyclical
WONDERLA.NS,Wonderla Holidays Limited,Consumer Cyclical
WORTH.NS,Worth Peripherals Limited,Consumer Cyclical
ZENITHEXPO.NS,Zenith Exports Limited,Consumer Cyclical
ZODIACLOTH.NS,Zodiac Clothing Company Limited,Consumer Cyclical
ZODJRDMKJ.NS,Zodiac-JRD-MKJ Limited,Consumer Cyclical
ADANIGREEN.NS,Adani Green Energy Limited,Utilities
ADANIPOWER.NS,Adani Power Limited,Utilities
ADANITRANS.NS,Adani Transmission Limited,Utilities
ATGL.NS,Adani Total Gas Limited,Utilities
BAJAJELEC.NS,Bajaj Electricals Limited,Utilities
CESC.NS,CESC Limited,Utilities
DPSCLTD.NS,India Power Corporation Limited,Utilities
ENERGYDEV.NS,Energy Development Company Limited,Utilities
GAIL.NS,Limited,Utilities
GIPCL.NS,Gujarat Industries Power Company Limited,Utilities
GREENPOWER.NS,Orient Green Power Company Limited,Utilities
GSPL.NS,Gujarat State Petronet Limited,Utilities
GUJGASLTD.NS,Gujarat Gas Limited,Utilities
IGL.NS,Indraprastha Gas Limited,Utilities
INDOWIND.NS,Indowind Energy Limited,Utilities
JPPOWER.NS,Jaiprakash Power Ventures Limited,Utilities
JSWENERGY.NS,JSW Energy Limited,Utilities
KARMAENG.NS,Karma Energy Limited,Utilities
MGL.NS,Mahanagar Gas Limited,Utilities
NBVENTURES.NS,Nava Bharat Ventures Limited,Utilities
NHPC.NS,NHPC Limited,Utilities
NLCINDIA.NS,NLC India Limited,Utilities
NTPC.NS,NTPC Limited,Utilities
POWERGRID.NS,Power Grid Corporation of India Limited,Utilities
PTC.NS,PTC India Limited,Utilities
RELINFRA.NS,Reliance Infrastructure Limited,Utilities
RPOWER.NS,Reliance Power Limited,Utilities
RTNINFRA.NS,RattanIndia Infrastructure Limited,Utilities
RTNPOWER.NS,RattanIndia Power Limited,Utilities
SJVN.NS,SJVN Limited,Utilities
SURANAT&P.NS,Surana Telecom,Utilities
TATAPOWER.NS,The Tata Power Company Limited,Utilities
TORNTPOWER.NS,Torrent Power Limited,Utilities
ADFFOODS.NS,ADF Foods Limited,Consumer Defensive
AGRITECH.NS,Agri-Tech (India) Limited,Consumer Defensive
ANIKINDS.NS,Anik Industries Limited,Consumer Defensive
APEX.NS,Apex Frozen Foods Limited,Consumer Defensive
APTECHT.NS,Aptech Limited,Consumer Defensive
ASALCBR.NS,Associated Alcohols & Breweries Limited,Consumer Defensive
ASPINWALL.NS,Aspinwall and Company Limited,Consumer Defensive
ATFL.NS,Agro Tech Foods Limited,Consumer Defensive
AVADHSUGAR.NS,Avadh Sugar & Energy Limited,Consumer Defensive
AVANTIFEED.NS,Avanti Feeds Limited,Consumer Defensive
BAJAJCON.NS,Bajaj Consumer Care Limited,Consumer Defensive
BAJAJHIND.NS,Bajaj Hindusthan Sugar Limited,Consumer Defensive
BALRAMCHIN.NS,Balrampur Chini Mills Limited,Consumer Defensive
BANARISUG.NS,Bannari Amman Sugars Limited,Consumer Defensive
BRITANNIA.NS,Britannia Industries Limited,Consumer Defensive
CAREERP.NS,Career Point Limited,Consumer Defensive
CCL.NS,CCL Products,Consumer Defensive
CLEDUCATE.NS,CL Educate Limited,Consumer Defensive
COLPAL.NS,Colgate-Palmolive,Consumer Defensive
COMPUSOFT.NS,Compucom Software Limited,Consumer Defensive
CUPID.NS,Cupid Limited,Consumer Defensive
DAAWAT.NS,LT Foods Limited,Consumer Defensive
DABUR.NS,Dabur India Limited,Consumer Defensive
DALMIASUG.NS,Industries Limited,Consumer Defensive
DFMFOODS.NS,DFM Foods Limited,Consumer Defensive
DHARSUGAR.NS,Dharani Sugars and Chemicals Limited,Consumer Defensive
DIAMONDYD.NS,Prataap Snacks Limited,Consumer Defensive
DMART.NS,Avenue Supermarts Limited,Consumer Defensive
DTIL.NS,Dhunseri Tea & Industries Limited,Consumer Defensive
DWARKESH.NS,Dwarikesh Sugar Industries Limited,Consumer Defensive
EDUCOMP.NS,Educomp Solutions Limited,Consumer Defensive
EMAMILTD.NS,Emami Limited,Consumer Defensive
FCONSUMER.NS,Consumer Limited,Consumer Defensive
GAEL.NS,Gujarat Ambuja Exports Limited,Consumer Defensive
GANGESSECU.NS,Ganges Securities Limited,Consumer Defensive
GILLETTE.NS,Gillette India Limited,Consumer Defensive
GLOBAL.NS,Global Education Limited,Consumer Defensive
GLOBUSSPR.NS,Globus Spirits Limited,Consumer Defensive
GODFRYPHLP.NS,Godfrey Phillips India Limited,Consumer Defensive
GODREJAGRO.NS,"Godrej Agrovet Limited, an agri-business company, ",Consumer Defensive
GODREJCP.NS,Godrej Consumer Products Limited,Consumer Defensive
GOKUL.NS,Gokul Refoils & Solvent Limited,Consumer Defensive
GOKULAGRO.NS,Gokul Agro Resources Limited,Consumer Defensive
GOLDENTOBC.NS,Golden Tobacco Limited,Consumer Defensive
GROBTEA.NS,The Grob Tea Company Limited,Consumer Defensive
HARRMALAYA.NS,Harrisons Malayalam Limited,Consumer Defensive
HATSUN.NS,Hatsun Agro Product Limited,Consumer Defensive
HERITGFOOD.NS,Heritage Foods Limited,Consumer Defensive
HINDUNILVR.NS,Hindustan Unilever Limited,Consumer Defensive
HNDFDS.NS,Hindustan Foods Limited,Consumer Defensive
IFBAGRO.NS,IFB Agro Industries Limited,Consumer Defensive
ITC.NS,ITC Limited,Consumer Defensive
JAYSREETEA.NS,Jay Shree Tea & Industries Limited,Consumer Defensive
JHS.NS,JHS Svendgaard Laboratories Limited,Consumer Defensive
JYOTHYLAB.NS,Jyothy Labs Limited,Consumer Defensive
KAYA.NS,Kaya Limited,Consumer Defensive
KEERTI.NS,Keerti Knowledge and Skills Limited ,Consumer Defensive
KGL.NS,Karuturi Global Limited,Consumer Defensive
KOTARISUG.NS,Kothari Sugars and Chemicals Limited,Consumer Defensive
KRBL.NS,KRBL Limited,Consumer Defensive
KSCL.NS,Kaveri Seed Company Limited,Consumer Defensive
KWALITY.NS,Kwality Limited,Consumer Defensive
MAGADSUGAR.NS,Magadh Sugar & Energy Limited,Consumer Defensive
MAWANASUG.NS,Mawana Sugars Limited,Consumer Defensive
MCDOWELL-N.NS,United Spirits Limited,Consumer Defensive
MCLEODRUSS.NS,McLeod Russel India Limited,Consumer Defensive
MGEL.NS,Mangalam Global Enterprise Limited,Consumer Defensive
MTEDUCARE.NS,MT Educare Limited,Consumer Defensive
NIITLTD.NS,NIIT Limited,Consumer Defensive
NORBTEAEXP.NS,Norben Tea & Exports Limited,Consumer Defensive
PALASHSECU.NS,Palash Securities Limited,Consumer Defensive
PARAGMILK.NS,Parag Milk Foods Limited,Consumer Defensive
PGHH.NS,Procter & Gamble Hygiene and,Consumer Defensive
PIONDIST.NS,Pioneer Distilleries Limited,Consumer Defensive
PKTEA.NS,The Peria Karamalai Tea and Produce Company Limited,Consumer Defensive
PONNIERODE.NS,Ponni,Consumer Defensive
PRABHAT.NS,Prabhat Dairy Limited,Consumer Defensive
RADICO.NS,Radico Khaitan Limited,Consumer Defensive
RAJSREESUG.NS,Rajshree Sugars and Chemicals Limited,Consumer Defensive
RENUKA.NS,Shree Renuka Sugars Limited,Consumer Defensive
ROSSELLIND.NS,Rossell India Limited,Consumer Defensive
RUCHI.NS,Ruchi Soya Industries Limited,Consumer Defensive
RUCHINFRA.NS,Ruchi Infrastructure Limited,Consumer Defensive
SAKHTISUG.NS,Sakthi Sugars Limited,Consumer Defensive
SAKUMA.NS,Sakuma Exports Limited,Consumer Defensive
SANWARIA.NS,Sanwaria Consumer Limited,Consumer Defensive
SDBL.NS,Som Distilleries & Breweries Limited,Consumer Defensive
SIMBHALS.NS,Simbhaoli Sugars Limited,Consumer Defensive
SKMEGGPROD.NS,SKM Egg Products Export (India,Consumer Defensive
STEL.NS,STEL Holdings Limited,Consumer Defensive
TASTYBITE.NS,Tasty Bite,Consumer Defensive
TATACOFFEE.NS,Tata Coffee Limited,Consumer Defensive
TATACONSUM.NS,Tata Consumer Products Limited,Consumer Defensive
TI.NS,Tilaknagar Industries Ltd,Consumer Defensive
TREEHOUSE.NS,Tree House Education & Accessories Limited,Consumer Defensive
TRIVENI.NS,Triveni Engineering & Industries Limited,Consumer Defensive
UBL.NS,United Breweries Limited,Consumer Defensive
UGARSUGAR.NS,The Ugar Sugar Works Limited,Consumer Defensive
UMANGDAIRY.NS,Umang Dairies Limited,Consumer Defensive
UMESLTD.NS,Usha Martin Education & Solutions Limited,Consumer Defensive
UNITEDTEA.NS,The United Nilgiri Tea Estates Company Limited,Consumer Defensive
UTTAMSUGAR.NS,Uttam Sugar Mills Limited,Consumer Defensive
VADILALIND.NS,Vadilal Industries Limited,Consumer Defensive
VBL.NS,Varun Beverages Limited,Consumer Defensive
VENKEYS.NS,Venky,Consumer Defensive
VISHWARAJ.NS,Vishwaraj Sugar Industries Limited,Consumer Defensive
VSTIND.NS,VST Industries Limited,Consumer Defensive
ZYDUSWELL.NS,Zydus Wellness Limited,Consumer Defensive
AFFLE.NS,"Affle (India) Limited, a technology company, ",Communication Services
BHARTIARTL.NS,Bharti Airtel Limited,Communication Services
CINEVISTA.NS,Cinevista Limited,Communication Services
CREATIVEYE.NS,Creative Eye Limited,Communication Services
CYBERMEDIA.NS,Cyber Media (India,Communication Services
DEN.NS,DEN Networks Limited,Communication Services
DGCONTENT.NS,Digicontent Limited,Communication Services
DISHTV.NS,Dish TV India Limited,Communication Services
DNAMEDIA.NS,Diligent Media Corporation Limited,Communication Services
DQE.NS,DQ Entertainment (International) Limited,Communication Services
ENIL.NS,Entertainment Network (India) Limited,Communication Services
EROSMEDIA.NS,Eros International Media Limited,Communication Services
GFLLIMITED.NS,GFL Limited,Communication Services
GTL.NS,GTL Limited,Communication Services
GTPL.NS,GTPL Hathway Limited,Communication Services
HATHWAY.NS,Hathway Cable and,Communication Services
HMVL.NS,Hindustan Media Ventures Limited,Communication Services
HTMEDIA.NS,HT Media Limited,Communication Services
IDEA.NS,Vodafone,Communication Services
IMAGICAA.NS,Imagicaaworld Entertainment Limited,Communication Services
INDIAMART.NS,IndiaMART InterMESH Limited,Communication Services
INDUSTOWER.NS,Indus Towers Limited,Communication Services
INOXLEISUR.NS,INOX Leisure Limited,Communication Services
JAGRAN.NS,Jagran Prakashan Limited,Communication Services
JAINSTUDIO.NS,Jain Studios Limited,Communication Services
JUSTDIAL.NS,Dial Limited,Communication Services
MPSLTD.NS,MPS Limited,Communication Services
MTNL.NS,Mahanagar Telephone Nigam Limited,Communication Services
MUKTAARTS.NS,Mukta Arts Limited,Communication Services
NAUKRI.NS,Limited,Communication Services
NAVNETEDUL.NS,Navneet Education Limited,Communication Services
NDTV.NS,New Delhi Television Limited,Communication Services
NETWORK18.NS,Media & Investments Limited,Communication Services
NXTDIGITAL.NS,Nxtdigital Limited,Communication Services
ONMOBILE.NS,OnMobile Global Limited,Communication Services
ORTEL.NS,Ortel Communications Limited,Communication Services
PFOCUS.NS,Focus Limited,Communication Services
PNC.NS,Pritish Nandy Communications Ltd,Communication Services
PRESSMN.NS,Pressman Advertising Limited,Communication Services
PVR.NS,PVR Limited,Communication Services
RADAAN.NS,Radaan Mediaworks India Limited,Communication Services
RADIOCITY.NS,Music Broadcast Limited,Communication Services
RAJTV.NS,Raj Television Network Limited,Communication Services
RCOM.NS,Reliance Communications Limited,Communication Services
ROUTE.NS,Route Mobile Limited,Communication Services
SABEVENTS.NS,SAB Events & Governance Now Media Limited,Communication Services
SAMBHAAV.NS,Sambhaav Media Limited,Communication Services
SAREGAMA.NS,Saregama India Limited,Communication Services
SCHAND.NS,Chand and Company Limited,Communication Services
SHEMAROO.NS,Shemaroo Entertainment Limited,Communication Services
SILLYMONKS.NS,Monks Entertainment Limited,Communication Services
SITINET.NS,SITI Networks Limited,Communication Services
SUNTV.NS,Sun TV Network Limited,Communication Services
TATACOMM.NS,Tata Communications Limited,Communication Services
TIPSINDLTD.NS,Tips Industries Limited,Communication Services
TOUCHWOOD.NS,Touchwood Entertainment Limited,Communication Services
TTML.NS,Tata Teleservices (Maharashtra) Limited,Communication Services
TV18BRDCST.NS,TV18 Broadcast Limited,Communication Services
TVVISION.NS,Vision Limited,Communication Services
UFO.NS,UFO Moviez India Limited,Communication Services
VERTOZ.NS,Vertoz Advertising Limited,Communication Services
ZEEL.NS,Zee Entertainment Enterprises Limited,Communication Services
ZEEMEDIA.NS,Zee Media Corpor ation Limited,Communication Services
AJMERA.NS,Ajmera Realty & Infra India Limited,Real Estate
AMJLAND.NS,AMJ Land Holdings Limited,Real Estate
ANANTRAJ.NS,the National Capital Region,Real Estate
ANSALAPI.NS,Ansal Properties & Infrastructure Limited,Real Estate
ANSALHSG.NS,Ansal Housing Limited,Real Estate
ARIHANT.NS,Arihant Foundations & Housing Limited,Real Estate
ARIHANTSUP.NS,Arihant Superstructures Limited,Real Estate
ASHIANA.NS,Ashiana Housing Limited,Real Estate
BHAGYAPROP.NS,Bhagyanagar Properties Limited,Real Estate
BOMDYEING.NS,The Bombay Dyeing and Manufacturing Company Limited,Real Estate
BRIGADE.NS,Brigade Enterprises Limited,Real Estate
BSELINFRA.NS,BSEL Infrastructure Realty Limited,Real Estate
CINELINE.NS,Cineline India Limited,Real Estate
COUNCODOS.NS,Country Condo's,Real Estate
DBREALTY.NS,D B Realty Limited,Real Estate
DLF.NS,DLF Limited,Real Estate
EMAMIREAL.NS,Emami Realty Limited,Real Estate
GANESHHOUC.NS,Ganesh Housing Corporation Limited,Real Estate
GEECEE.NS,Geecee Ventures Limited,Real Estate
GODREJPROP.NS,Godrej Properties Limited,Real Estate
HDIL.NS,Housing Development and Infrastructure Limited,Real Estate
HEMIPROP.NS,Hemisphere Properties India Limited,Real Estate
IBREALEST.NS,Indiabulls Real Estate Limited,Real Estate
KARDA.NS,Karda Constructions Limited,Real Estate
KOLTEPATIL.NS,Kolte-Patil Developers Limited,Real Estate
LPDC.NS,Landmark Property Development Company Limited,Real Estate
MAHLIFE.NS,Mahindra Lifespace Developers Limited,Real Estate
MARATHON.NS,Marathon Nextgen Realty Limited,Real Estate
MODIRUBBER.NS,"Modi Rubber Limited, together with its subsidiaries, ",Real Estate
MOTOGENFIN.NS,The Motor & General Finance Limited,Real Estate
NILAINFRA.NS,Nila Infrastructures Limited,Real Estate
NILASPACES.NS,Nila Spaces Limited,Real Estate
OBEROIRLTY.NS,Oberoi Realty Limited,Real Estate
OMAXE.NS,Omaxe Limited,Real Estate
OSWALAGRO.NS,Oswal Agro Mills Limited,Real Estate
PARSVNATH.NS,Parsvnath Developers Limited,Real Estate
PENINLAND.NS,Peninsula Land Limited,Real Estate
PHOENIXLTD.NS,The Phoenix Mills Limited,Real Estate
PODDARHOUS.NS,Poddar Housing and Development Limited,Real Estate
PRAENG.NS,Prajay Engineers Syndicate Limited,Real Estate
PRESTIGE.NS,Prestige Estates Projects Limited,Real Estate
PTL.NS,PTL Enterprises Limited,Real Estate
RVHL.NS,Ravinder Heights Limited,Real Estate
SUNTECK.NS,Sunteck Realty Limited,Real Estate
TCIDEVELOP.NS,TCI Developers Limited,Real Estate
TECHIN.NS,Techindia Nirman Limited,Real Estate
TEXINFRA.NS,Texmaco Infrastructure & Holdings Limited,Real Estate
UNITECH.NS,Unitech Limited,Real Estate
ARTEMISMED.NS,Artemis Medicare Services Limited,
EMAMIPAP.NS,Emami Paper Mills Limited,
GUJRAFFIA.NS,Gujarat Raffia Industries Limited,
SUBCAPCITY.NS,International Constructions Limited,
